Time,Open,High,Low,Last,Change,%Chg,Volume
12/29/2023,85.59,85.78,85.365,85.54,-0.34,-0.40%,3496100
12/28/2023,86.06,86.205,85.805,85.88,-0.33,-0.38%,3607000
12/27/2023,85.84,86.3,85.74,86.21,0.21,+0.24%,3409800
12/26/2023,85.71,86.25,85.6,86,0.4,+0.47%,3365700
12/22/2023,85.39,85.79,85.24,85.6,0.53,+0.62%,2693300
12/21/2023,84.89,85.085,84.5,85.07,0.89,+1.06%,3772300
12/20/2023,85.26,85.47,84.16,84.18,-1.31,-1.53%,4679500
12/19/2023,85.26,85.6899,85.165,85.49,0.78,+0.92%,3642700
12/18/2023,85.22,85.4,84.65,84.71,-0.46,-0.54%,4026400
12/15/2023,84.92,85.7,84.92,85.17,-0.22,-0.26%,5405500
12/14/2023,84.51,85.855,84.51,85.39,1.39,+1.65%,6356600
12/13/2023,82.09,84.04,81.882,84,1.01,+1.22%,8196200
12/12/2023,83.28,83.6,82.59,82.99,0.48,+0.58%,10217500
12/11/2023,81.78,82.52,81.63,82.51,0.58,+0.71%,4602900
12/08/2023,81.57,82.32,81.57,81.93,0.3,+0.37%,4123400
12/07/2023,81.39,81.72,81.15,81.63,0.55,+0.68%,4279700
12/06/2023,81.61,81.88,81.005,81.08,-0.17,-0.21%,8455100
12/05/2023,81.97,82.02,81.06,81.25,-1.13,-1.37%,8766700
12/04/2023,82.66,83.26,82.34,82.38,-0.97,-1.16%,10615000
12/01/2023,82.53,83.635,82.34,83.35,0.94,+1.14%,8391300
11/30/2023,81.65,82.48,81.38,82.41,0.81,+0.99%,5741200
11/29/2023,81.49,81.97,81.41,81.6,0.42,+0.52%,3122100
11/28/2023,81.02,81.62,80.78,81.18,0.16,+0.20%,3498100
11/27/2023,80.82,81.11,80.47,81.02,-0.1,-0.12%,3262300
11/24/2023,80.78,81.39,80.78,81.12,0.35,+0.43%,1844900
11/22/2023,80.72,80.89,80.36,80.77,0.05,+0.06%,3761400
11/21/2023,80.65,81.02,80.59,80.72,0.31,+0.39%,3681500
11/20/2023,80.15,80.655,79.72,80.41,0.14,+0.17%,4817200
11/17/2023,80.37,80.54,80.025,80.27,0.15,+0.19%,3445100
11/16/2023,79.86,80.21,79.65,80.12,0.24,+0.30%,3582700
11/15/2023,79.71,80.61,79.63,79.88,0.35,+0.44%,4909800
11/14/2023,78.15,79.89,78.135,79.53,2.28,+2.95%,5497900
11/13/2023,76.91,77.57,76.81,77.25,-0.11,-0.14%,4039700
11/10/2023,76.53,77.42,76.43,77.36,0.9,+1.18%,3624100
11/09/2023,77.64,77.65,76.405,76.46,-0.66,-0.86%,6938900
11/08/2023,77.07,77.335,76.62,77.12,0.24,+0.31%,5470800
11/07/2023,77.64,77.7001,76.78,76.88,-1.52,-1.94%,7507900
11/06/2023,78.81,78.86,78.23,78.4,-0.39,-0.49%,4668700
11/03/2023,78.21,79.33,78.21,78.79,1.22,+1.57%,6064700
11/02/2023,76.6,77.6,76.55,77.57,1.47,+1.93%,6550600
11/01/2023,75.95,76.27,75.315,76.1,0.04,+0.05%,8780400
10/31/2023,75.59,76.275,75.4,76.06,0.34,+0.45%,5581300
10/30/2023,75.71,76.02,75.175,75.72,0.77,+1.03%,5977100
10/27/2023,75.01,75.5072,74.77,74.95,-0.03,-0.04%,8236600
10/26/2023,75,75.655,74.76,74.98,0.52,+0.70%,8776600
10/25/2023,75.19,75.32,74.4,74.46,-0.88,-1.17%,6269900
10/24/2023,75.07,75.79,74.945,75.34,0.88,+1.18%,7424100
10/23/2023,74.57,75.24,74.33,74.46,-0.84,-1.12%,9138000
10/20/2023,76.19,76.34,75.27,75.3,-0.92,-1.21%,7161200
10/19/2023,76.84,77.48,76.12,76.22,-0.9,-1.17%,9233100
10/18/2023,78.65,78.65,77.015,77.12,-2.05,-2.59%,6508600
10/17/2023,77.83,79.44,77.83,79.17,0.77,+0.98%,5818300
10/16/2023,78.22,78.92,77.96,78.4,0.76,+0.98%,6181900
10/13/2023,78.32,78.66,77.3,77.64,-0.29,-0.37%,5634600
10/12/2023,79.45,79.45,77.33,77.93,-1.18,-1.49%,6063200
10/11/2023,79.24,79.5602,78.45,79.11,0.19,+0.24%,4929400
10/10/2023,78.53,79.57,78.415,78.92,0.83,+1.06%,6855000
10/09/2023,77.54,78.32,77.16,78.09,0.1,+0.13%,6487300
10/06/2023,77.06,78.53,76.78,77.99,0.73,+0.94%,8043100
10/05/2023,78.01,78.43,76.79,77.26,-0.95,-1.21%,10237100
10/04/2023,78.1,78.34,77.16,78.21,0.91,+1.18%,8977000
10/03/2023,76.72,78.28,76.72,77.3,-0.21,-0.27%,13179000
10/02/2023,78.24,78.35,76.98,77.51,-1.04,-1.32%,11299300
09/29/2023,79.43,79.44,78.34,78.55,-0.13,-0.17%,5857100
09/28/2023,77.98,78.955,77.98,78.68,0.84,+1.08%,4699100
09/27/2023,78.24,78.345,77.38,77.84,-0.01,-0.01%,5515500
09/26/2023,78.51,78.93,77.63,77.85,-1.14,-1.44%,5475900
09/25/2023,78.07,79.03,78.02,78.99,0.62,+0.79%,4122900
09/22/2023,78.66,79.045,78.23,78.37,-0.08,-0.10%,6017500
09/21/2023,79.52,79.55,78.42,78.45,-1.61,-2.01%,6779700
09/20/2023,81.22,81.42,80.01,80.06,-0.85,-1.05%,4649800
09/19/2023,80.93,81.285,80.21,80.91,-0.07,-0.09%,4084000
09/18/2023,81.22,81.4,80.73,80.98,-0.73,-0.89%,3683200
09/15/2023,82.4,82.7601,81.575,81.71,-0.92,-1.11%,6987700
09/14/2023,82.33,82.795,82.025,82.63,1.15,+1.41%,4334500
09/13/2023,81.92,82.09,81.25,81.48,-0.48,-0.59%,4585400
09/12/2023,81.88,82.34,81.775,81.96,-0.19,-0.23%,4210600
09/11/2023,82.33,82.725,81.99,82.15,0.35,+0.43%,4035200
09/08/2023,81.56,82.15,81.55,81.8,0.08,+0.10%,3493100
09/07/2023,81.76,82.05,81.115,81.72,-0.37,-0.45%,4437200
09/06/2023,81.98,82.47,81.45,82.09,-0.18,-0.22%,4653100
09/05/2023,83.69,83.76,82.27,82.27,-1.55,-1.85%,6463200
09/01/2023,83.68,84.04,83.495,83.82,0.93,+1.12%,5912600
08/31/2023,83.07,83.28,82.8,82.89,-0.04,-0.05%,3279900
08/30/2023,82.74,83.08,82.595,82.93,0.19,+0.23%,3798600
08/29/2023,81.44,82.7799,81.16,82.74,1.35,+1.66%,5875500
08/28/2023,81.02,81.78,80.98,81.39,0.59,+0.73%,5050900
08/25/2023,80.93,81.17,80.12,80.8,0.24,+0.30%,5378900
08/24/2023,80.53,81.255,80.45,80.56,-0.34,-0.42%,4070200
08/23/2023,80.76,81.175,80.555,80.9,0.13,+0.16%,3502200
08/22/2023,81.22,81.359,80.525,80.77,-0.07,-0.09%,3609000
08/21/2023,81.03,81.15,80.25,80.84,0.01,+0.01%,4852600
08/18/2023,80.37,81.015,80.19,80.83,-0.01,-0.01%,4908900
08/17/2023,81.56,82.07,80.755,80.84,-0.16,-0.20%,5265300
08/16/2023,81.42,81.83,80.9701,81,-0.55,-0.67%,5282100
08/15/2023,82.1,82.28,81.37,81.55,-1.35,-1.63%,5696300
08/14/2023,82.52,82.91,82.07,82.9,0.18,+0.22%,3876700
08/11/2023,82.73,83.135,82.43,82.72,-0.23,-0.28%,3987200
08/10/2023,83.3,83.775,82.76,82.95,0.06,+0.07%,5572500
08/09/2023,83.55,83.72,82.78,82.89,-0.34,-0.41%,7964000
08/08/2023,82.75,83.385,82.34,83.23,-0.89,-1.06%,6428700
08/07/2023,83.87,84.26,83.505,84.12,0.55,+0.66%,5161000
08/04/2023,84.18,84.785,83.495,83.57,-0.19,-0.23%,8495000
08/03/2023,84.03,84.46,83.61,83.76,-0.52,-0.62%,9379300
08/02/2023,84.56,85.05,84.17,84.28,-1.06,-1.24%,10185800
08/01/2023,85.3,85.69,85,85.34,-0.38,-0.44%,7536600
07/31/2023,85.47,85.86,85.23,85.72,0.45,+0.53%,5500800
07/28/2023,85.6,85.61,84.825,85.27,0.59,+0.70%,4064700
07/27/2023,85.53,85.78,84.6,84.68,-0.55,-0.65%,7050700
07/26/2023,84.92,85.46,84.555,85.23,-0.29,-0.34%,6167600
07/25/2023,84.48,85.84,84.35,85.52,1.51,+1.80%,8760500
07/24/2023,83.85,84.16,83.48,84.01,0.26,+0.31%,4352800
07/21/2023,83.5,83.88,83.08,83.75,0.01,+0.01%,4523900
07/20/2023,83.81,83.925,83.16,83.74,0.2,+0.24%,4926600
07/19/2023,83.88,84.1,83.28,83.54,-0.45,-0.54%,5191800
07/18/2023,83.03,84.24,83.03,83.99,0.65,+0.78%,5897800
07/17/2023,82.98,83.505,82.83,83.34,0.08,+0.10%,4536400
07/14/2023,83.79,83.79,82.885,83.26,-0.49,-0.59%,5626000
07/13/2023,83.38,83.85,83.08,83.75,0.65,+0.78%,4804900
07/12/2023,83.02,83.35,82.41,83.1,1.08,+1.32%,11538300
07/11/2023,81.71,82.08,81.35,82.02,0.8,+0.98%,4706000
07/10/2023,80.66,81.71,80.59,81.22,-0.02,-0.02%,5598000
07/07/2023,80.49,82.05,80.38,81.24,0.7,+0.87%,6831500
07/06/2023,80.09,80.59,79.31,80.54,-0.59,-0.73%,8952000
07/05/2023,82.27,82.35,80.97,81.13,-2.05,-2.46%,11829300
07/03/2023,82.83,83.54,82.69,83.18,0.31,+0.37%,3932800
06/30/2023,82.54,83.08,82.24,82.87,0.77,+0.94%,6483400
06/29/2023,80.86,82.14,80.68,82.1,1.02,+1.26%,5281900
06/28/2023,81.44,81.44,80.71,81.08,-0.56,-0.69%,5493500
06/27/2023,80.7,81.7,80.445,81.64,1.14,+1.42%,6838100
06/26/2023,79.89,80.605,79.7,80.5,0.83,+1.04%,4167900
06/23/2023,79.48,79.82,79.07,79.67,-0.65,-0.81%,5976700
06/22/2023,80.22,80.39,79.56,80.32,-0.19,-0.24%,4325100
06/21/2023,79.87,80.845,79.63,80.51,0.26,+0.32%,6677600
06/20/2023,80.53,80.7,79.8,80.25,-1.5,-1.83%,5869800
06/16/2023,81.68,81.785,81.16,81.75,0.2,+0.25%,8483300
06/15/2023,80.76,81.87,80.69,81.55,0.69,+0.85%,5889000
06/14/2023,81.84,81.91,80.425,80.86,-0.34,-0.42%,6978200
06/13/2023,79.96,81.25,79.79,81.2,1.84,+2.32%,8233500
06/12/2023,79.09,79.46,78.53,79.36,0.36,+0.46%,4845600
06/09/2023,79.35,79.4741,78.7,79,-0.66,-0.83%,5810700
06/08/2023,79.99,80.22,79.11,79.66,-0.29,-0.36%,5859600
06/07/2023,78.83,80.02,78.83,79.95,0.94,+1.19%,6665400
06/06/2023,78.19,79.21,78.14,79.01,0.5,+0.64%,7603300
06/05/2023,78.73,79.39,78.22,78.51,-0.06,-0.08%,7160700
06/02/2023,77.52,78.75,77.4,78.57,2.55,+3.35%,8829500
06/01/2023,75.4,76.24,75.055,76.02,1,+1.33%,7279800
05/31/2023,75.4,75.65,74.71,75.02,-0.81,-1.07%,6908300
05/30/2023,76.18,76.32,75.25,75.83,-0.41,-0.54%,6390300
05/26/2023,76.42,76.72,75.9,76.24,0.38,+0.50%,7941200
05/25/2023,76.22,76.23,75.44,75.86,-0.27,-0.35%,5856500
05/24/2023,76.68,76.75,75.98,76.13,-0.88,-1.14%,7064000
05/23/2023,77.65,77.86,76.85,77.01,-1.21,-1.55%,5247000
05/22/2023,78.79,79.01,78.09,78.22,-0.41,-0.52%,4144200
05/19/2023,79,79.03,78.2,78.63,0.2,+0.26%,4971500
05/18/2023,77.61,78.51,77.24,78.43,0.46,+0.59%,6676200
05/17/2023,77.83,78.28,77.465,77.97,0.51,+0.66%,5252800
05/16/2023,78.34,78.42,77.43,77.46,-1.3,-1.65%,4173200
05/15/2023,78.5,78.82,78.01,78.76,0.66,+0.85%,3243600
05/12/2023,78.31,78.45,77.43,78.1,0.14,+0.18%,4143600
05/11/2023,77.98,78.22,77.591,77.96,-0.77,-0.98%,6424800
05/10/2023,79.63,79.63,77.87,78.73,0.05,+0.06%,5865100
05/09/2023,78.96,79.09,78.355,78.68,-0.72,-0.91%,7557200
05/08/2023,80.15,80.26,79.275,79.4,-0.26,-0.33%,3840000
05/05/2023,79.2,79.94,79.13,79.66,1.32,+1.68%,5133600
05/04/2023,79.02,79.5258,78.145,78.34,-0.51,-0.65%,8327500
05/03/2023,79.85,80.24,78.82,78.85,-0.88,-1.10%,6350600
05/02/2023,79.76,79.87,78.46,79.73,-0.78,-0.97%,5840400
05/01/2023,80.65,81.04,80.365,80.51,-0.04,-0.05%,4208200
04/28/2023,79.59,80.69,79.37,80.55,0.93,+1.17%,5071600
04/27/2023,78.78,79.65,78.325,79.62,1.07,+1.36%,5913100
04/26/2023,79.17,79.435,78.285,78.55,-0.94,-1.18%,5955200
04/25/2023,80.4,80.48,79.45,79.49,-1.76,-2.17%,5983000
04/24/2023,80.83,81.27,80.73,81.25,0.55,+0.68%,3865500
04/21/2023,81.1,81.185,80.25,80.7,-0.72,-0.88%,5422000
04/20/2023,80.93,81.68,80.91,81.42,-0.09,-0.11%,4026000
04/19/2023,81.19,81.585,81,81.51,-0.23,-0.28%,3654700
04/18/2023,81.71,82.01,81.36,81.74,0.34,+0.42%,3383000
04/17/2023,80.97,81.42,80.75,81.4,0.47,+0.58%,3683000
04/14/2023,81.32,81.885,80.515,80.93,-0.59,-0.72%,4413100
04/13/2023,80.74,81.79,80.57,81.52,0.83,+1.03%,9001400
04/12/2023,81.19,81.37,80.545,80.69,0.06,+0.07%,5944000
04/11/2023,80.37,81.07,80.34,80.63,0.62,+0.77%,3857600
04/10/2023,79.32,80.15,79.24,80.01,0.38,+0.48%,4633500
04/06/2023,79.29,79.705,79.035,79.63,-0.19,-0.24%,9515600
04/05/2023,79.4,79.93,79.1,79.82,-0.18,-0.23%,9280500
04/04/2023,80.97,81.01,79.69,80,-1.17,-1.44%,8748600
04/03/2023,80.82,81.38,80.57,81.17,0.51,+0.63%,8064200
03/31/2023,79.38,80.7,79.38,80.66,1.29,+1.63%,6763200
03/30/2023,79.65,79.7,79.085,79.37,0.54,+0.69%,4216800
03/29/2023,78.75,78.88,78.48,78.83,1.08,+1.39%,4135100
03/28/2023,77.37,77.88,77.29,77.75,0.37,+0.48%,5124000
03/27/2023,77.61,77.925,76.82,77.38,0.57,+0.74%,5306900
03/24/2023,75.61,76.99,75.06,76.81,0.62,+0.81%,6732600
03/23/2023,76.62,77.725,75.6,76.19,-0.09,-0.12%,6719700
03/22/2023,77.53,78.11,76.26,76.28,-1.38,-1.78%,7327300
03/21/2023,77.63,77.99,77.14,77.66,0.93,+1.21%,4749000
03/20/2023,75.77,76.77,75.77,76.73,1.22,+1.62%,7392800
03/17/2023,76.43,76.45,75.38,75.51,-1.19,-1.55%,9443500
03/16/2023,75.11,76.8,74.88,76.7,0.87,+1.15%,10803100
03/15/2023,76.35,76.52,74.77,75.83,-2.54,-3.24%,14262200
03/14/2023,78.51,79.28,77.52,78.37,0.99,+1.28%,8238600
03/13/2023,77.4,78.435,76.8,77.38,-0.8,-1.02%,20352500
03/10/2023,79.91,79.93,77.76,78.18,-1.7,-2.13%,13062300
03/09/2023,82.05,82.32,79.63,79.88,-2.11,-2.57%,6425900
03/08/2023,81.63,82.19,81.35,81.99,0.4,+0.49%,5795100
03/07/2023,82.92,82.92,81.3,81.59,-1.64,-1.97%,6760300
03/06/2023,84.27,84.27,83.09,83.23,-1.37,-1.62%,5481400
03/03/2023,83.96,84.645,83.31,84.6,1.19,+1.43%,5997300
03/02/2023,82.04,83.61,81.845,83.41,0.94,+1.14%,6335100
03/01/2023,82.01,83.27,82,82.47,0.64,+0.78%,7740800
02/28/2023,81.44,82.3612,81.29,81.83,0.37,+0.45%,8546700
02/27/2023,81.71,82.23,81.375,81.46,0.27,+0.33%,6469700
02/24/2023,79.29,81.3,78.87,81.19,0.54,+0.67%,9324000
02/23/2023,80.86,81.2,79.46,80.65,0.09,+0.11%,5596300
02/22/2023,80.32,80.96,79.91,80.56,0.6,+0.75%,5934300
02/21/2023,80.88,81.16,79.84,79.96,-1.34,-1.65%,5900300
02/17/2023,81.5,81.58,80.855,81.3,-0.77,-0.94%,3726200
02/16/2023,81.86,83.03,81.66,82.07,-0.94,-1.13%,4336900
02/15/2023,82.1,83.025,81.88,83.01,0.36,+0.44%,3978400
02/14/2023,82.11,82.875,81.7,82.65,0.19,+0.23%,4107400
02/13/2023,82.17,82.625,81.64,82.46,0.43,+0.52%,2749200
02/10/2023,81.55,82.15,81.06,82.03,0.3,+0.37%,3507900
02/09/2023,83.57,83.75,81.36,81.73,-1.2,-1.45%,8330500
02/08/2023,83.16,83.96,82.87,82.93,-0.67,-0.80%,5265900
02/07/2023,82.38,83.81,82.34,83.6,1.11,+1.35%,7553000
02/06/2023,82.67,83,82.05,82.49,-0.92,-1.10%,6262300
02/03/2023,84.01,84.68,83.29,83.41,-1.53,-1.80%,5937800
02/02/2023,84.84,85.185,83.67,84.94,-0.27,-0.32%,6163900
02/01/2023,84.16,85.9,83.61,85.21,0.56,+0.66%,7223600
01/31/2023,82.89,84.68,82.89,84.65,1.82,+2.20%,3871300
01/30/2023,82.89,83.88,82.72,82.83,-0.57,-0.68%,5210900
01/27/2023,83.1,83.99,83.02,83.4,-0.27,-0.32%,3419700
01/26/2023,82.57,83.705,82.31,83.67,0.4,+0.48%,5753100
01/25/2023,82.19,83.3,81.91,83.27,0.17,+0.20%,3602000
01/24/2023,82.59,83.22,81.895,83.1,0.05,+0.06%,4680500
01/23/2023,82.67,83.4,82.27,83.05,0.27,+0.33%,6248700
01/20/2023,81.36,82.84,80.93,82.78,1.63,+2.01%,3448700
01/19/2023,81.16,81.49,80.5125,81.15,-0.63,-0.77%,4079800
01/18/2023,83.71,83.83,81.74,81.78,-1.17,-1.41%,4722500
01/17/2023,83.93,84.09,82.865,82.95,-0.84,-1.00%,3471500
01/13/2023,82.8,83.955,82.73,83.79,0.51,+0.61%,3482500
01/12/2023,83.16,83.52,82.33,83.28,0.31,+0.37%,3893700
01/11/2023,82.55,83.01,82.06,82.97,1.28,+1.57%,4922800
01/10/2023,80.91,81.745,80.46,81.69,0.81,+1.00%,4024400
01/09/2023,81.03,81.96,80.61,80.88,0.51,+0.63%,8395700
01/06/2023,78.42,80.55,78.42,80.37,2.67,+3.44%,4364500
01/05/2023,77.72,78.14,77.14,77.7,-1.25,-1.58%,4106300
01/04/2023,77.99,79.165,77.945,78.95,1.35,+1.74%,4871100
01/03/2023,77.81,78.32,76.89,77.6,-0.08,-0.10%,5342000
12/30/2022,77.66,77.95,77.025,77.68,-0.55,-0.70%,2909400
12/29/2022,77.82,78.555,77.82,78.23,0.84,+1.09%,3223000
12/28/2022,78.57,78.87,77.33,77.39,-1.2,-1.53%,2523200
12/27/2022,78.71,79.11,78.25,78.59,0.07,+0.09%,2434200
12/23/2022,77.98,78.54,77.55,78.52,0.54,+0.69%,3101100
12/22/2022,78.18,78.18,76.66,77.98,-0.76,-0.97%,3315500
12/21/2022,78.47,79.065,78.28,78.74,0.68,+0.87%,2877700
12/20/2022,77.69,78.515,77.66,78.06,0.51,+0.66%,2820900
12/19/2022,78.42,78.87,77.18,77.55,-1.53,-1.93%,3229900
12/16/2022,78.79,79.32,78.3,79.08,-0.34,-0.43%,7285200
12/15/2022,80.53,80.61,79.22,79.42,-2.5,-3.05%,5229200
12/14/2022,82.47,83,81.2901,81.92,-0.89,-1.07%,7817600
12/13/2022,84.2,84.36,82.22,82.81,1.13,+1.38%,6288000
12/12/2022,81.03,81.7,80.74,81.68,0.7,+0.86%,3193000
12/09/2022,81.59,82.29,80.96,80.98,-0.81,-0.99%,3936100
12/08/2022,81.72,82.21,81.525,81.79,0.6,+0.74%,2761800
12/07/2022,81.24,81.99,80.99,81.19,-0.18,-0.22%,4083600
12/06/2022,82.15,82.65,80.775,81.37,-0.73,-0.89%,4747800
12/05/2022,83.13,83.455,81.97,82.1,-1.66,-1.98%,4726200
12/02/2022,81.77,83.98,81.77,83.76,0.91,+1.10%,3412500
12/01/2022,83.32,83.41,82.125,82.85,0.1,+0.12%,4107900
11/30/2022,80.83,82.78,80.08,82.75,1.95,+2.41%,7312500
11/29/2022,80.83,81.24,80.58,80.8,0.27,+0.34%,2836500
11/28/2022,81.77,81.8,80.37,80.53,-1.84,-2.23%,3232000
11/25/2022,82.28,82.43,82.1,82.37,-0.03,-0.04%,1228200
11/23/2022,82,82.48,81.79,82.4,0.32,+0.39%,4248200
11/22/2022,80.86,82.1,80.675,82.08,1.82,+2.27%,3607000
11/21/2022,79.42,80.53,79.24,80.26,0.27,+0.34%,3619100
11/18/2022,80.27,80.27,79.25,79.99,0.53,+0.67%,3745500
11/17/2022,79,79.51,78.48,79.46,-0.77,-0.96%,4679300
11/16/2022,80.71,80.97,80.07,80.23,-0.79,-0.98%,6398800
11/15/2022,82.03,82.08,80.22,81.02,-0.12,-0.15%,7227500
11/14/2022,80.98,82.255,80.9,81.14,-0.11,-0.14%,6366900
11/11/2022,81.18,82.18,81.01,81.25,0.97,+1.21%,6491100
11/10/2022,79.16,80.34,78.78,80.28,4.21,+5.53%,8718200
11/09/2022,76.96,77.65,75.895,76.07,-1.25,-1.62%,6603900
11/08/2022,76.45,78.08,76.24,77.32,1.31,+1.72%,6156700
11/07/2022,75.89,76.06,75.1,76.01,0.59,+0.78%,5576500
11/04/2022,74.75,75.98,74.13,75.42,2.53,+3.47%,9639800
11/03/2022,71.44,73.39,71.27,72.89,0.55,+0.76%,8729400
11/02/2022,74.57,75.21,72.31,72.34,-1.93,-2.60%,15733300
11/01/2022,75.19,75.27,73.65,74.27,0.19,+0.26%,11659000
10/31/2022,74.34,74.95,73.97,74.08,-0.67,-0.90%,4791700
10/28/2022,73.78,74.895,73.42,74.75,0.74,+1.00%,4627400
10/27/2022,74.31,74.89,73.8725,74.01,-0.19,-0.26%,4976900
10/26/2022,74.1,74.97,73.575,74.2,0.52,+0.71%,6765300
10/25/2022,71.95,73.73,71.8597,73.68,1.78,+2.48%,6001200
10/24/2022,72.61,73,71.76,71.9,-0.42,-0.58%,6737300
10/21/2022,69.77,72.42,69.7,72.32,2.42,+3.46%,8340400
10/20/2022,70.51,71.78,69.73,69.9,-0.51,-0.72%,5708200
10/19/2022,70.73,71.32,69.98,70.41,-0.84,-1.18%,4345200
10/18/2022,71.56,72,70.46,71.25,1.37,+1.96%,7979400
10/17/2022,69.56,70.35,69.47,69.88,1.7,+2.49%,5735700
10/14/2022,71.02,71.17,68.06,68.18,-2.38,-3.37%,8297700
10/13/2022,67.21,70.88,66.86,70.56,2.01,+2.93%,9723100
10/12/2022,69.09,69.155,68.51,68.55,-0.52,-0.75%,8014600
10/11/2022,69.03,70.2,68.575,69.07,-0.54,-0.78%,6959400
10/10/2022,69.73,70.015,69.145,69.61,0.15,+0.22%,5195600
10/07/2022,70.63,70.78,69.01,69.46,-1.76,-2.47%,5091900
10/06/2022,71.42,72.18,71.04,71.22,-0.76,-1.06%,11976700
10/05/2022,71.78,72.57,71.17,71.98,-0.82,-1.13%,9214800
10/04/2022,71.63,72.88,71.51,72.8,2.58,+3.67%,15125100
10/03/2022,69.1,70.735,68.71,70.22,2.21,+3.25%,9929100
09/30/2022,68.14,69.27,67.8,68.01,-0.18,-0.26%,5410400
09/29/2022,68.55,68.55,67.2,68.19,-1.02,-1.47%,5727200
09/28/2022,67.83,69.53,67.565,69.21,1.74,+2.58%,6753900
09/27/2022,68.18,68.57,66.85,67.47,0.15,+0.22%,7078900
09/26/2022,67.94,68.81,66.98,67.32,-1.11,-1.62%,7489000
09/23/2022,68.66,68.75,67.41,68.43,-1.43,-2.05%,7005100
09/22/2022,71,71.2,69.81,69.86,-0.85,-1.20%,5876400
09/21/2022,72.81,72.96,70.68,70.71,-1.58,-2.19%,8883600
09/20/2022,72.69,72.69,71.745,72.29,-1.4,-1.90%,4774900
09/19/2022,71.7,73.79,71.61,73.69,0.79,+1.08%,5161700
09/16/2022,73.07,73.1805,72.11,72.9,-1.17,-1.58%,8132600
09/15/2022,74.77,75.545,73.935,74.07,-0.99,-1.32%,5208700
09/14/2022,75.65,75.73,74.33,75.06,-0.93,-1.22%,5781200
09/13/2022,76.79,77.6637,75.795,75.99,-2.81,-3.57%,4702000
09/12/2022,78.87,79.1799,78.32,78.8,0.73,+0.94%,4049500
09/09/2022,77.68,78.285,77.47,78.07,1.16,+1.51%,3648200
09/08/2022,75.41,76.965,75.14,76.91,0.74,+0.97%,4398200
09/07/2022,73.92,76.3,73.75,76.17,2.05,+2.77%,6096200
09/06/2022,74.78,75.05,73.79,74.12,-0.23,-0.31%,6275600
09/02/2022,75.52,76.115,74.02,74.35,-0.07,-0.09%,7067100
09/01/2022,74.5,74.63,73.51,74.42,-0.99,-1.31%,5898000
08/31/2022,76.48,76.48,75.38,75.41,-0.94,-1.23%,5025300
08/30/2022,77.82,77.87,75.9,76.35,-1.27,-1.64%,3701200
08/29/2022,77.31,78.26,77.12,77.62,-0.55,-0.70%,3599400
08/26/2022,80.82,80.89,78.1136,78.17,-2.47,-3.06%,4333000
08/25/2022,79.39,80.665,79.39,80.64,1.79,+2.27%,3065400
08/24/2022,78.58,79.135,78.36,78.85,0.17,+0.22%,2889000
08/23/2022,77.92,79.07,77.92,78.68,0.77,+0.99%,4920200
08/22/2022,77.94,78.34,77.63,77.91,-1.26,-1.59%,3515900
08/19/2022,80.21,80.21,78.88,79.17,-1.48,-1.84%,3317200
08/18/2022,80.72,80.845,80.13,80.65,0.25,+0.31%,2281300
08/17/2022,80.61,80.79,79.975,80.4,-1.12,-1.37%,4079900
08/16/2022,80.84,81.87,80.83,81.52,0.45,+0.56%,2605700
08/15/2022,80.26,81.19,79.99,81.07,-0.05,-0.06%,3190100
08/12/2022,79.87,81.14,79.72,81.12,1.5,+1.88%,3723600
08/11/2022,80.08,80.63,79.52,79.62,0.27,+0.34%,3064500
08/10/2022,78.66,79.8,78.64,79.35,2.19,+2.84%,4264100
08/09/2022,77.67,77.7,76.885,77.16,-0.38,-0.49%,6993600
08/08/2022,78.05,78.64,77.49,77.54,0.43,+0.56%,4707100
08/05/2022,76.23,77.4405,76.12,77.11,0.27,+0.35%,2945900
08/04/2022,76.91,77.5,76.45,76.84,0.05,+0.07%,3449400
08/03/2022,77.13,77.32,76.14,76.79,0.08,+0.10%,4798700
08/02/2022,77.11,77.785,76.28,76.71,-0.79,-1.02%,5683600
08/01/2022,77.76,77.82,76.935,77.5,-0.63,-0.81%,5205800
07/29/2022,77.65,78.34,77.35,78.13,1.03,+1.34%,4629100
07/28/2022,76.12,77.18,75.95,77.1,1.34,+1.77%,5915900
07/27/2022,74.33,76.06,73.97,75.76,0.9,+1.20%,5851600
07/26/2022,74.98,75.3,74.57,74.86,-0.51,-0.68%,3851800
07/25/2022,75.26,75.465,74.76,75.37,0.31,+0.41%,3864900
07/22/2022,76.06,76.45,74.72,75.06,-0.54,-0.71%,5403700
07/21/2022,74.41,75.62,74.07,75.6,1.06,+1.42%,4700900
07/20/2022,74.31,74.87,73.99,74.54,0.13,+0.17%,4691700
07/19/2022,73.01,74.58,72.93,74.41,2.2,+3.05%,5642400
07/18/2022,72.98,73.32,71.94,72.21,0.17,+0.24%,3766700
07/15/2022,72.08,72.29,71.16,72.04,1.11,+1.56%,5167000
07/14/2022,70.91,70.985,69.98,70.93,-1.33,-1.84%,7506100
07/13/2022,71.49,72.68,71.13,72.26,-0.42,-0.58%,9999300
07/12/2022,72.51,73.64,72.42,72.68,-0.14,-0.19%,6803400
07/11/2022,72.28,73.15,72.15,72.82,-0.2,-0.27%,4143700
07/08/2022,73.85,73.97,72.63,73.02,-0.72,-0.98%,4091200
07/07/2022,73.99,74.5,73.53,73.74,0.65,+0.89%,4948600
07/06/2022,72.55,73.3,71.76,73.09,0.46,+0.63%,8300900
07/05/2022,72.17,72.64,71.11,72.63,-1.49,-2.01%,9706800
07/01/2022,72.99,74.23,72.19,74.12,0.52,+0.71%,8217100
06/30/2022,73.32,74.275,72.58,73.6,-0.88,-1.18%,6930100
06/29/2022,75.16,75.29,73.71,74.48,-0.54,-0.72%,5297400
06/28/2022,76.28,76.99,74.9,75.02,-0.81,-1.07%,4923100
06/27/2022,76.4,76.66,75.6,75.83,-0.63,-0.82%,6791800
06/24/2022,74.04,76.48,73.96,76.46,2.92,+3.97%,11247500
06/23/2022,74.26,74.68,72.77,73.54,-1.02,-1.37%,9467300
06/22/2022,73.9,75.29,73.69,74.56,-0.97,-1.28%,8032400
06/21/2022,75.57,75.88,74.95,75.53,0.61,+0.81%,5616500
06/17/2022,74.94,75.46,73.6191,74.92,-0.13,-0.17%,12509800
06/16/2022,75.73,75.98,74.41,75.05,-2.81,-3.61%,9284600
06/15/2022,78.87,78.97,76.44,77.86,-0.02,-0.03%,10429700
06/14/2022,78.46,78.93,77.27,77.88,-0.6,-0.76%,7850300
06/13/2022,79.58,79.76,78.02,78.48,-3.19,-3.91%,10410200
06/10/2022,82.62,82.76,81.56,81.67,-2.58,-3.06%,8334100
06/09/2022,85.63,85.92,84.22,84.25,-2.04,-2.36%,5406400
06/08/2022,87.21,87.95,86.095,86.29,-1.83,-2.08%,4237800
06/07/2022,86.75,88.225,86.52,88.12,0.63,+0.72%,6205800
06/06/2022,87.31,87.84,87.02,87.49,0.82,+0.95%,5592100
06/03/2022,86.74,87.36,86.36,86.67,-0.85,-0.97%,5325600
06/02/2022,86.08,87.52,85.885,87.52,2.35,+2.76%,6525300
06/01/2022,86.17,86.435,84.34,85.17,-0.86,-1.00%,7175000
05/31/2022,86.54,86.86,85.74,86.03,-1.33,-1.52%,9245400
05/27/2022,86.08,87.39,85.94,87.36,2,+2.34%,6794300
05/26/2022,84.4,85.79,84.24,85.36,1.54,+1.84%,5536600
05/25/2022,83.13,84.175,82.84,83.82,0.37,+0.44%,5535800
05/24/2022,83.65,83.74,82.02,83.45,-0.48,-0.57%,7029800
05/23/2022,83.47,84.13,82.9,83.93,1.51,+1.83%,6380100
05/20/2022,83.43,83.75,80.62,82.42,-0.2,-0.24%,8057100
05/19/2022,81.5,83.59,81.4,82.62,0.58,+0.71%,8097500
05/18/2022,83.86,84.05,81.69,82.04,-2.63,-3.11%,6966200
05/17/2022,84.19,84.8,83.34,84.67,2.33,+2.83%,7568700
05/16/2022,82.14,83,81.385,82.34,-0.15,-0.18%,8346200
05/13/2022,81.89,83.305,81.885,82.49,1.25,+1.54%,8647600
05/12/2022,80.54,82.05,79.76,81.24,-0.15,-0.18%,13229100
05/11/2022,81.58,83.57,81.21,81.39,0.04,+0.05%,16918300
05/10/2022,83.22,83.44,80.38,81.35,-0.51,-0.62%,17015200
05/09/2022,82.99,83.74,81.63,81.86,-2.67,-3.16%,13940800
05/06/2022,85.08,85.08,83.13,84.53,-1.23,-1.43%,14357800
05/05/2022,87.88,88.17,84.825,85.76,-2.74,-3.10%,12271800
05/04/2022,86.28,88.56,85.49,88.5,2.78,+3.24%,14905500
05/03/2022,84.83,86.2,84.66,85.72,0.95,+1.12%,11422500
05/02/2022,85.14,85.5,83.13,84.77,-0.26,-0.31%,16419000
04/29/2022,87.05,87.77,84.82,85.03,-1.74,-2.01%,10632800
04/28/2022,85.84,87.07,84.39,86.77,1.35,+1.58%,10351400
04/27/2022,84.94,86.39,84.665,85.42,1.24,+1.47%,13024700
04/26/2022,85.88,86.36,84.14,84.18,-1.32,-1.54%,10540700
04/25/2022,84.83,85.72,83.14,85.5,-0.24,-0.28%,13343800
04/22/2022,88.33,88.3531,85.58,85.74,-3.33,-3.74%,9412100
04/21/2022,91.23,91.49,88.82,89.07,-1.48,-1.63%,7664300
04/20/2022,90.12,90.9,89.95,90.55,0.57,+0.63%,8644600
04/19/2022,88.89,90.17,88.67,89.98,0.84,+0.94%,5060600
04/18/2022,89,89.665,88.84,89.14,0.08,+0.09%,6221500
04/14/2022,89.46,90.12,89.01,89.06,-0.3,-0.34%,6332000
04/13/2022,88.23,89.4,87.88,89.36,1.3,+1.48%,8530700
04/12/2022,88.47,89.21,87.7,88.06,0.02,+0.02%,7147800
04/11/2022,88.19,88.98,87.93,88.04,-0.44,-0.50%,6133000
04/08/2022,88.45,89.06,87.99,88.48,0.54,+0.61%,5155500
04/07/2022,87.48,88.3,86.87,87.94,0.57,+0.65%,5764500
04/06/2022,87.82,87.85,86.61,87.37,-1.02,-1.15%,8397700
04/05/2022,89.05,89.66,88.13,88.39,-0.71,-0.80%,5728600
04/04/2022,89.23,89.23,88.31,89.1,0.02,+0.02%,5759000
04/01/2022,88.66,89.41,88.14,89.08,0.93,+1.06%,6242000
03/31/2022,88.97,89.64,88.14,88.15,-1.19,-1.33%,5299600
03/30/2022,89.67,89.83,88.91,89.34,-0.3,-0.33%,4483500
03/29/2022,88.97,89.64,88.3,89.64,0.75,+0.84%,7828000
03/28/2022,88.96,89.02,88.01,88.89,-0.4,-0.45%,5353400
03/25/2022,88.5,89.34,88.34,89.29,0.99,+1.12%,5025000
03/24/2022,87.1,88.34,87.03,88.3,1.74,+2.01%,5452600
03/23/2022,86.75,87.15,86.45,86.56,-0.4,-0.46%,5789300
03/22/2022,87.15,87.51,86.64,86.96,0.47,+0.54%,6965900
03/21/2022,86.13,86.87,85.92,86.49,0.39,+0.45%,8879600
03/18/2022,85.16,86.245,84.93,86.1,0.52,+0.61%,9621000
03/17/2022,83.69,85.62,83.58,85.58,1.61,+1.92%,7051400
03/16/2022,83.6,84.76,82.28,83.97,1.3,+1.57%,11946500
03/15/2022,81.77,82.83,81.22,82.67,0.94,+1.15%,9084800
03/14/2022,82.38,82.91,81.32,81.73,-0.12,-0.15%,7815500
03/11/2022,82.57,83.28,81.78,81.85,-0.61,-0.74%,6931736
03/10/2022,81.39,82.565,81.28,82.46,0.22,+0.27%,7795000
03/09/2022,81.09,82.73,80.65,82.24,2.47,+3.10%,10313200
03/08/2022,80.29,81.45,79.29,79.77,-0.41,-0.51%,12995000
03/07/2022,82.83,82.89,80.17,80.18,-2.88,-3.47%,10913200
03/04/2022,82.33,83.095,81.68,83.06,-0.29,-0.35%,8664500
03/03/2022,83.99,84.29,82.51,83.35,0.1,+0.12%,9736000
03/02/2022,81.96,83.71,81.77,83.25,1.79,+2.20%,9571400
03/01/2022,83.14,83.79,80.97,81.46,-1.92,-2.30%,13131900
02/28/2022,83.04,83.95,82.57,83.38,-0.96,-1.14%,11230200
02/25/2022,81.74,84.38,81.67,84.34,2.97,+3.65%,11129400
02/24/2022,79.77,81.6,79.38,81.37,-0.24,-0.29%,15903600
02/23/2022,83.2,83.5,81.49,81.61,-1.06,-1.28%,9581100
02/22/2022,83.46,83.82,81.99,82.67,-1.19,-1.42%,10654400
02/18/2022,84.18,84.62,83.39,83.86,-0.14,-0.17%,8964800
02/17/2022,84.58,84.84,83.71,84,-1.46,-1.71%,6541900
02/16/2022,84.75,85.64,84.59,85.46,0.62,+0.73%,7839000
02/15/2022,83.89,84.97,83.8,84.84,1.53,+1.84%,6675500
02/14/2022,84.06,84.14,82.675,83.31,-0.69,-0.82%,9448300
02/11/2022,84.89,85.67,83.715,84,-1.32,-1.55%,12633400
02/10/2022,85.51,87.22,84.9,85.32,-0.5,-0.58%,13310900
02/09/2022,84.82,85.95,84.79,85.82,1.83,+2.18%,10734600
02/08/2022,83.04,84.14,82.87,83.99,1.28,+1.55%,7750800
02/07/2022,83.29,83.49,82.425,82.71,-0.41,-0.49%,12627700
02/04/2022,83.38,84.05,82.63,83.12,-1.4,-1.66%,11688000
02/03/2022,85.27,85.885,84.38,84.52,-1.5,-1.74%,7771300
02/02/2022,85.73,86.4,85.27,86.02,0.27,+0.31%,7079500
02/01/2022,84.88,85.95,84.42,85.75,1.3,+1.54%,9304200
01/31/2022,82.78,84.505,82.64,84.45,1.23,+1.48%,7274700
01/28/2022,82.38,83.25,81.23,83.22,0.48,+0.58%,11008100
01/27/2022,83.37,84.47,81.96,82.74,0.28,+0.34%,11587200
01/26/2022,84,84.7,81.625,82.46,-0.87,-1.04%,13460800
01/25/2022,82.83,84.04,81.395,83.33,-0.76,-0.90%,14655600
01/24/2022,82.46,84.31,80.91,84.09,0.05,+0.06%,21229400
01/21/2022,85.63,85.95,83.76,84.04,-2.1,-2.44%,16271200
01/20/2022,87.63,88.2774,86.04,86.14,-1.27,-1.45%,8573600
01/19/2022,88.28,88.5,87.365,87.41,-0.22,-0.25%,7416400
01/18/2022,87.84,87.99,86.95,87.63,-1.17,-1.32%,7790800
01/14/2022,88.57,88.97,87.74,88.8,-0.76,-0.85%,7294300
01/13/2022,90.12,90.59,89.34,89.56,-0.7,-0.78%,6003000
01/12/2022,90.11,90.45,89.36,90.26,0.9,+1.01%,5107800
01/11/2022,88.52,89.39,87.76,89.36,0.97,+1.10%,6807400
01/10/2022,88.82,89.03,87.545,88.39,-0.91,-1.02%,8409500
01/07/2022,89.49,89.64,88.91,89.3,-0.08,-0.09%,8271800
01/06/2022,90.73,90.73,89.25,89.38,-1.14,-1.26%,8934300
01/05/2022,91,92.305,90.49,90.52,-0.01,-0.01%,10626300
01/04/2022,89.69,90.87,89.65,90.53,1.1,+1.23%,9968800
01/03/2022,90.72,90.8288,89.22,89.43,-1.18,-1.30%,7544300
12/31/2021,90.05,90.84,90.03,90.61,0.4,+0.44%,3228800
12/30/2021,90.56,91.08,90.135,90.21,-0.32,-0.35%,3170000
12/29/2021,90.08,90.69,90,90.53,0.37,+0.41%,2576900
12/28/2021,89.6,90.255,89.58,90.16,0.52,+0.58%,4269000
12/27/2021,88.59,89.65,88.4601,89.64,1.33,+1.51%,2459700
12/23/2021,87.57,88.595,87.44,88.31,0.88,+1.01%,2873000
12/22/2021,86.64,87.5,86.53,87.43,0.69,+0.80%,3095100
12/21/2021,86.28,87.08,86.21,86.74,1.08,+1.26%,4531700
12/20/2021,85.98,86.03,84.57,85.66,-2,-2.28%,7077700
12/17/2021,88.45,88.709,87.6,87.66,-1.11,-1.25%,7832700
12/16/2021,88.47,89.34,88.4,88.77,0.9,+1.02%,6535600
12/15/2021,87.31,87.975,86.36,87.87,0.19,+0.22%,7311500
12/14/2021,87.7,88.42,87.4399,87.68,-0.09,-0.10%,4536700
12/13/2021,88.25,88.45,87.4809,87.77,-0.53,-0.60%,4703300
12/10/2021,88.43,88.64,87.72,88.3,0.54,+0.62%,4792500
12/09/2021,87.59,88.18,87.4,87.76,-0.49,-0.56%,3300700
12/08/2021,88.18,88.445,87.74,88.25,0.37,+0.42%,4608300
12/07/2021,87.56,88.43,87.55,87.88,1.32,+1.52%,5653400
12/06/2021,86.17,87.24,85.86,86.56,1.25,+1.47%,8122900
12/03/2021,85.64,86.56,84.55,85.31,-0.19,-0.22%,9988600
12/02/2021,84.07,85.85,83.91,85.5,1.71,+2.04%,8978600
12/01/2021,85.99,86.73,83.75,83.79,-0.86,-1.02%,11242800
11/30/2021,86.36,86.58,84.49,84.65,-2.15,-2.48%,12002300
11/29/2021,87.06,87.2507,86.23,86.8,0.4,+0.46%,6140100
11/26/2021,85.91,86.81,85.47,86.4,-1.51,-1.72%,7107500
11/24/2021,88.07,88.27,87.715,87.91,-0.63,-0.71%,5182600
11/23/2021,88.48,89.17,88.09,88.54,0.09,+0.10%,7616300
11/22/2021,88.35,89.395,88.31,88.45,0.14,+0.16%,6690000
11/19/2021,88.16,88.84,88.02,88.31,-0.16,-0.18%,5213300
11/18/2021,88.92,89.09,88.29,88.47,-0.38,-0.43%,5194500
11/17/2021,89.3,89.53,88.775,88.85,-0.59,-0.66%,5279500
11/16/2021,89.74,89.99,89.38,89.44,-0.25,-0.28%,4388100
11/15/2021,90.13,90.17,89.37,89.69,-0.41,-0.46%,4314000
11/12/2021,89.67,90.145,89.46,90.1,0.67,+0.75%,4387300
11/11/2021,89.12,89.8,88.93,89.43,0.71,+0.80%,4079100
11/10/2021,89.24,89.647,88.54,88.72,-0.61,-0.68%,6436200
11/09/2021,88.95,89.33,88.59,89.33,0.41,+0.46%,7884200
11/08/2021,88.78,89.23,88.61,88.92,1.1,+1.25%,5345000
11/05/2021,87.36,88.06,87.27,87.82,0.68,+0.78%,5829400
11/04/2021,87.32,87.5113,86.77,87.14,-0.05,-0.06%,5036500
11/03/2021,86.44,87.56,86.21,87.19,0.9,+1.04%,9593600
11/02/2021,85.54,86.46,85.38,86.29,0.97,+1.14%,6635500
11/01/2021,85.26,85.8272,85.02,85.32,0.2,+0.23%,5520200
10/29/2021,85.21,85.83,84.81,85.12,-0.41,-0.48%,4349500
10/28/2021,84.79,85.6865,84.77,85.53,0.84,+0.99%,4151600
10/27/2021,85.59,85.74,84.63,84.69,-1.23,-1.43%,5702000
10/26/2021,85.83,86.27,85.12,85.92,0.24,+0.28%,5776900
10/25/2021,85.37,86.04,84.85,85.68,0.85,+1.00%,5399600
10/22/2021,85.15,85.7325,84.83,84.83,-0.16,-0.19%,5784200
10/21/2021,84.86,85.02,84.11,84.99,-0.22,-0.26%,6696100
10/20/2021,84.6,85.31,84.4,85.21,0.68,+0.80%,4651900
10/19/2021,84.47,84.53,83.83,84.53,0.44,+0.52%,4795500
10/18/2021,83.43,84.25,83.28,84.09,-0.06,-0.07%,6349800
10/15/2021,84.34,84.575,83.94,84.15,0.25,+0.30%,5852500
10/14/2021,82.71,84.015,82.48,83.9,1.99,+2.43%,5687300
10/13/2021,81.83,82.28,80.93,81.91,0.61,+0.75%,7215600
10/12/2021,81.24,81.68,81,81.3,0.11,+0.14%,7665700
10/11/2021,81.46,82.378,81.18,81.19,0.01,+0.01%,4836700
10/08/2021,81.83,82.03,81.03,81.18,-0.45,-0.55%,6399000
10/07/2021,81.27,82.52,81.27,81.63,1.05,+1.30%,8469200
10/06/2021,79.91,80.58,79.055,80.58,-0.15,-0.19%,7724200
10/05/2021,80.24,81.18,79.7,80.73,0.71,+0.89%,6792000
10/04/2021,80.47,80.97,79.45,80.02,-0.35,-0.44%,8555800
10/01/2021,79.49,80.8,78.89,80.37,1.26,+1.59%,9249900
09/30/2021,80.6,80.93,79.09,79.11,-1.25,-1.56%,10729400
09/29/2021,80.68,80.86,80.2,80.36,-0.33,-0.41%,6969700
09/28/2021,81.5,81.62,80.44,80.69,-1.01,-1.24%,8285200
09/27/2021,81.28,82.16,81.27,81.7,0.63,+0.78%,5216500
09/24/2021,80.82,81.5,80.63,81.07,-0.12,-0.15%,3625800
09/23/2021,80.65,81.74,80.57,81.19,1.14,+1.42%,4758300
09/22/2021,79.99,80.85,79.99,80.05,0.82,+1.03%,7656100
09/21/2021,79.91,80.05,78.89,79.23,-0.19,-0.24%,7614700
09/20/2021,79.08,79.79,78.3669,79.42,-1.91,-2.35%,10077700
09/17/2021,82.58,82.73,81.07,81.33,-1.71,-2.06%,9965900
09/16/2021,83.63,83.71,82.44,83.04,-0.91,-1.08%,5625300
09/15/2021,83.28,84.05,83.12,83.95,0.88,+1.06%,6325800
09/14/2021,84.28,84.34,82.89,83.07,-0.92,-1.10%,6043600
09/13/2021,84.75,85,83.46,83.99,-0.02,-0.02%,7610000
09/10/2021,84.42,85.05,83.955,84.01,-0.02,-0.02%,8890100
09/09/2021,83.76,84.6,83.76,84.03,0.03,+0.04%,4935700
09/08/2021,84.56,84.64,83.71,84,-0.81,-0.96%,6209900
09/07/2021,85.07,85.13,84.685,84.81,-0.56,-0.66%,6932300
09/03/2021,85.85,86.1,85.35,85.37,-0.57,-0.66%,11440300
09/02/2021,85.64,86.11,85.61,85.94,0.55,+0.64%,5315600
09/01/2021,85.52,85.729,84.65,85.39,-0.22,-0.26%,7008900
08/31/2021,85.81,85.81,85.195,85.61,-0.25,-0.29%,5304400
08/30/2021,86.3,86.46,85.86,85.86,-0.09,-0.10%,4506300
08/27/2021,85.26,86.2,85.17,85.95,1.12,+1.32%,5178700
08/26/2021,85.39,85.5,84.79,84.83,-0.59,-0.69%,5770800
08/25/2021,84.8,85.7,84.47,85.42,0.39,+0.46%,4912200
08/24/2021,84.9,85.29,84.77,85.03,0.53,+0.63%,5529700
08/23/2021,84.25,84.725,84.04,84.5,0.72,+0.86%,4047700
08/20/2021,83.32,83.96,83.19,83.78,0.49,+0.59%,6986800
08/19/2021,83.09,83.66,82.84,83.29,-0.75,-0.89%,7968300
08/18/2021,84.73,85.24,83.99,84.04,-0.99,-1.16%,7356300
08/17/2021,85.55,85.65,84.04,85.03,-0.99,-1.15%,7462000
08/16/2021,85.92,86.13,85.11,86.02,-0.43,-0.50%,6137200
08/13/2021,86.49,86.63,86.29,86.45,0.08,+0.09%,3907900
08/12/2021,86.52,86.6,85.6,86.37,-0.14,-0.16%,4806300
08/11/2021,85.96,86.579,85.57,86.51,1.2,+1.41%,8272300
08/10/2021,84.01,85.64,84.01,85.31,1.27,+1.51%,8023700
08/09/2021,83.99,84.25,83.36,84.04,-0.1,-0.12%,5371700
08/06/2021,83.43,84.245,83.35,84.14,1.2,+1.45%,7027100
08/05/2021,83.46,84.02,82.86,82.94,-0.12,-0.14%,6982700
08/04/2021,83.51,83.96,83.02,83.06,-0.8,-0.95%,5269900
08/03/2021,83.08,83.87,82.37,83.86,0.86,+1.04%,6565900
08/02/2021,84.42,84.91,83,83,-1.02,-1.21%,8504900
07/30/2021,83.52,84.54,83.52,84.02,0.34,+0.41%,5586100
07/29/2021,83.35,83.985,83.15,83.68,0.91,+1.10%,6287400
07/28/2021,82.56,83.065,81.97,82.77,0.24,+0.29%,6107200
07/27/2021,81.91,82.9,81.13,82.53,0.11,+0.13%,8432100
07/26/2021,81.93,82.5,81.75,82.42,0.69,+0.84%,5910300
07/23/2021,81.56,81.81,80.84,81.73,0.57,+0.70%,5196300
07/22/2021,81.32,81.395,80.49,81.16,0.03,+0.04%,4726700
07/21/2021,80.81,81.39,80.705,81.13,0.88,+1.10%,6835600
07/20/2021,79.14,80.83,78.89,80.25,0.9,+1.13%,10615700
07/19/2021,79.66,79.73,78.68,79.35,-1.74,-2.15%,11506700
07/16/2021,82.48,82.54,80.94,81.09,-1.24,-1.51%,9611000
07/15/2021,81.9,82.875,81.85,82.33,0.01,+0.01%,6344100
07/14/2021,82.59,83.245,82.08,82.32,-0.17,-0.21%,6188200
07/13/2021,83.1,83.29,82.23,82.49,-0.76,-0.91%,12354600
07/12/2021,82.48,83.495,82.17,83.25,0.27,+0.33%,10113100
07/09/2021,82.43,83.2,82.265,82.98,1.6,+1.97%,7490700
07/08/2021,81.15,81.82,80.67,81.38,-1.12,-1.36%,7912700
07/07/2021,81.67,82.57,81.475,82.5,0.85,+1.04%,6589300
07/06/2021,82.84,82.87,81.08,81.65,-1.23,-1.48%,6108300
07/02/2021,82.87,82.98,82.32,82.88,0.12,+0.14%,6170900
07/01/2021,82.97,83.08,82.34,82.76,0.45,+0.55%,7092300
06/30/2021,81.86,82.43,81.85,82.31,0.22,+0.27%,4864200
06/29/2021,82.49,82.93,81.89,82.09,-0.04,-0.05%,4920000
06/28/2021,82.39,82.46,81.485,82.13,0,0.00%,5074100
06/25/2021,82.57,82.9,82.06,82.13,0.01,+0.01%,10109500
06/24/2021,82.47,82.6,81.85,82.12,0.26,+0.32%,5270200
06/23/2021,82.63,82.84,81.85,81.86,-0.53,-0.64%,5168400
06/22/2021,82.4,82.745,81.81,82.39,0.33,+0.40%,5578400
06/21/2021,81.33,82.18,81.3,82.06,1.32,+1.63%,9007100
06/18/2021,81.22,81.56,80.74,80.74,-1.33,-1.62%,11765800
06/17/2021,83.7,83.71,81.07,82.07,-1.87,-2.23%,15161500
06/16/2021,84.88,84.92,83.745,83.94,-0.94,-1.11%,8324500
06/15/2021,85.19,85.24,84.275,84.88,-0.18,-0.21%,10483600
06/14/2021,85.88,86.09,84.6,85.06,-1.06,-1.23%,6187700
06/11/2021,86.41,86.73,85.66,86.12,0.32,+0.37%,4357900
06/10/2021,86.98,87.1,85.79,85.8,-0.52,-0.60%,6134500
06/09/2021,86.83,87.08,86.3,86.32,-0.68,-0.78%,9880500
06/08/2021,86.88,87.355,86.225,87,0.16,+0.18%,5791000
06/07/2021,87.95,87.95,86.45,86.84,-1.07,-1.22%,6048800
06/04/2021,88.09,88.22,87.55,87.91,0.19,+0.22%,5145800
06/03/2021,87.12,87.76,86.6519,87.72,-0.02,-0.02%,6264500
06/02/2021,88.6,88.62,87.625,87.74,-0.74,-0.84%,5705200
06/01/2021,88.27,88.62,87.88,88.48,1.22,+1.40%,6850300
05/28/2021,87.54,87.65,86.91,87.26,-0.09,-0.10%,5345400
05/27/2021,87.37,87.78,87.12,87.35,0.69,+0.80%,5827400
05/26/2021,86.66,86.93,86.07,86.66,0.03,+0.03%,6308100
05/25/2021,87.54,87.74,86.53,86.63,-0.74,-0.85%,4844400
05/24/2021,87.11,87.705,86.75,87.37,0.77,+0.89%,5109200
05/21/2021,86.89,87.52,86.55,86.6,0.19,+0.22%,6766600
05/20/2021,86.51,86.79,86.07,86.41,0.05,+0.06%,5875100
05/19/2021,86.48,86.74,85.38,86.36,-1.34,-1.53%,12480000
05/18/2021,88.83,88.88,87.64,87.7,-0.98,-1.11%,6797300
05/17/2021,87.96,88.84,87.515,88.68,0.77,+0.88%,7812000
05/14/2021,87.26,88.14,87.175,87.91,1.04,+1.20%,5556200
05/13/2021,85.69,87.13,85.49,86.87,1.31,+1.53%,11065400
05/12/2021,87.44,87.64,85.46,85.56,-2.21,-2.52%,9134500
05/11/2021,86.78,87.89,86.18,87.77,0.29,+0.33%,9498500
05/10/2021,88.89,89.212,87.472,87.48,-0.39,-0.44%,9119100
05/07/2021,87.03,88.04,86.65,87.87,0.86,+0.99%,7544600
05/06/2021,86.45,87.06,85.595,87.01,0.73,+0.85%,7387300
05/05/2021,85.91,86.42,85.14,86.28,1.08,+1.27%,7556800
05/04/2021,83.73,85.2,83.655,85.2,0.92,+1.09%,7811300
05/03/2021,83.75,84.78,83.69,84.28,1.24,+1.49%,6202700
04/30/2021,83.57,83.96,82.85,83.04,-0.89,-1.06%,5176200
04/29/2021,83.92,83.97,83.065,83.93,0.52,+0.62%,5785500
04/28/2021,83.22,83.76,83.06,83.41,0.23,+0.28%,3897000
04/27/2021,83.03,83.4221,82.67,83.18,-0.22,-0.26%,4441600
04/26/2021,83.24,83.88,83.07,83.4,0.49,+0.59%,4095900
04/23/2021,81.93,83.175,81.63,82.91,1.34,+1.64%,4685000
04/22/2021,82.87,82.87,81.465,81.57,-1.4,-1.69%,8050600
04/21/2021,81.51,83.07,81.41,82.97,1.48,+1.82%,5404600
04/20/2021,82.13,82.285,81.19,81.49,-0.79,-0.96%,5321500
04/19/2021,82.66,82.81,81.82,82.28,-0.38,-0.46%,6056400
04/16/2021,82.47,82.875,82.3187,82.66,0.99,+1.21%,6464100
04/15/2021,81.12,81.82,80.8,81.67,0.95,+1.18%,5431500
04/14/2021,80.2,81.045,80.17,80.72,0.58,+0.72%,4976600
04/13/2021,80.2,80.38,79.78,80.14,-0.19,-0.24%,4656100
04/12/2021,80,80.42,79.98,80.33,0.28,+0.35%,4428200
04/09/2021,79.55,80.07,79.305,80.05,0.69,+0.87%,5308900
04/08/2021,79.44,79.515,78.7,79.36,0.1,+0.13%,5414300
04/07/2021,80.52,80.655,79.09,79.26,-1.39,-1.72%,8787900
04/06/2021,80.33,80.935,80.26,80.65,0.18,+0.22%,6275900
04/05/2021,80.31,80.76,79.92,80.47,0.98,+1.23%,8730400
04/01/2021,78.93,79.545,78.45,79.49,0.69,+0.88%,7163100
03/31/2021,79.34,79.58,78.6,78.8,-0.39,-0.49%,7087300
03/30/2021,79.39,79.61,78.98,79.19,-0.23,-0.29%,6570500
03/29/2021,79.4,80.17,78.97,79.42,-0.27,-0.34%,6490000
03/26/2021,78.49,79.75,78.23,79.69,1.93,+2.48%,7609500
03/25/2021,76.34,77.9,75.9,77.76,1.11,+1.45%,7696700
03/24/2021,76.44,77.715,76.44,76.65,0.55,+0.72%,6735500
03/23/2021,77.37,77.43,75.83,76.1,-1.62,-2.08%,10235100
03/22/2021,77.55,78.04,77.09,77.72,-0.28,-0.36%,6438300
03/19/2021,78.24,78.53,77.08,78,-0.39,-0.50%,8918400
03/18/2021,78.64,79.54,78.24,78.39,-0.44,-0.56%,6586700
03/17/2021,78.06,79.015,77.87,78.83,0.7,+0.90%,5545600
03/16/2021,78.71,78.79,77.69,78.13,-0.65,-0.83%,6577100
03/15/2021,78.69,78.83,77.8319,78.78,0.09,+0.11%,4646400
03/12/2021,78.47,78.74,78.26,78.69,0.21,+0.27%,4813900
03/11/2021,78.78,79.11,78.43,78.48,0.42,+0.54%,4762500
03/10/2021,77.17,78.67,77.12,78.06,1.27,+1.65%,7168600
03/09/2021,76.83,77.41,76.27,76.79,0.47,+0.62%,7866400
03/08/2021,75.56,77.46,75.425,76.32,1.01,+1.34%,14836500
03/05/2021,74.38,75.56,72.82,75.31,1.69,+2.30%,11756800
03/04/2021,74.96,75.26,72.34,73.62,-1.46,-1.94%,18517300
03/03/2021,75.55,76.09,75.07,75.08,-0.75,-0.99%,8670400
03/02/2021,75.63,76.52,75.58,75.83,0.42,+0.56%,7564800
03/01/2021,74.52,75.81,74.52,75.41,1.86,+2.53%,7508100
02/26/2021,74.31,74.54,73.07,73.55,-0.95,-1.28%,8140100
02/25/2021,76.11,76.24,74.2,74.5,-1.76,-2.31%,10187900
02/24/2021,75.64,76.58,75.36,76.26,0.66,+0.87%,7382000
02/23/2021,75.3,75.8,73.96,75.6,0.26,+0.35%,11012300
02/22/2021,74.96,75.645,74.71,75.34,0.29,+0.39%,6099300
02/19/2021,74.12,75.38,74.1,75.05,1.35,+1.83%,5680400
02/18/2021,73.97,74.05,73.36,73.7,-0.46,-0.62%,6058700
02/17/2021,73.99,74.3,73.2,74.16,-0.04,-0.05%,5910500
02/16/2021,74.62,74.87,74.09,74.2,-0.14,-0.19%,6192800
02/12/2021,73.42,74.38,73.32,74.34,0.76,+1.03%,3287800
02/11/2021,73.73,74,72.95,73.58,0.07,+0.10%,6673000
02/10/2021,74.07,74.145,73.04,73.51,-0.08,-0.11%,5458900
02/09/2021,74.18,74.24,73.41,73.59,-0.55,-0.74%,7256900
02/08/2021,74.16,74.4,73.95,74.14,0.61,+0.83%,6317800
02/05/2021,72.99,73.63,72.84,73.53,1.24,+1.72%,6287900
02/04/2021,72.34,72.68,71.67,72.29,-0.26,-0.36%,6497100
02/03/2021,72.61,72.98,72.28,72.55,0.14,+0.19%,6423100
02/02/2021,72,72.77,71.6,72.41,0.94,+1.32%,7894700
02/01/2021,71.37,71.6,70.32,71.47,0.83,+1.17%,8005900
01/29/2021,71.74,72.11,70.275,70.64,-1.4,-1.94%,8989900
01/28/2021,71.53,72.485,71.34,72.04,1.22,+1.72%,7241700
01/27/2021,71.85,71.85,70.01,70.82,-2.15,-2.95%,12389700
01/26/2021,74.45,74.73,72.95,72.97,-1.02,-1.38%,6777500
01/25/2021,74.08,74.29,72.69,73.99,-0.39,-0.52%,12074900
01/22/2021,73.9,74.675,73.78,74.38,-0.36,-0.48%,6066100
01/21/2021,75.76,75.91,74.71,74.74,-1.11,-1.46%,6323700
01/20/2021,75.97,76.08,75.53,75.85,0.25,+0.33%,5163300
01/19/2021,75.95,76.15,75.28,75.6,0.26,+0.35%,4956200
01/15/2021,75.72,75.86,74.55,75.34,-1.09,-1.43%,9854400
01/14/2021,76.94,77.01,76.34,76.43,-0.26,-0.34%,5537100
01/13/2021,77.4,77.58,76.37,76.69,-0.79,-1.02%,4904500
01/12/2021,76.44,77.77,76.19,77.48,0.97,+1.27%,8923000
01/11/2021,75.38,76.82,75.1,76.51,0,0.00%,6120100
01/08/2021,77.02,77.09,75.56,76.51,-0.37,-0.48%,8494100
01/07/2021,76.77,77.39,76.6,76.88,0.57,+0.75%,9288800
01/06/2021,74.1,76.85,74.02,76.31,3,+4.09%,24260600
01/05/2021,71.58,73.51,71.58,73.31,1.61,+2.25%,13405900
01/04/2021,73.03,73.395,71.29,71.7,-0.69,-0.95%,9133200
12/31/2020,72.21,72.51,71.62,72.39,0.28,+0.39%,3250400
12/30/2020,71.37,72.26,71.33,72.11,0.98,+1.38%,2827500
12/29/2020,71.68,71.84,70.77,71.13,-0.17,-0.24%,3426400
12/28/2020,72.25,72.34,71.27,71.3,-0.28,-0.39%,2661300
12/24/2020,71.19,71.585,70.91,71.58,0.45,+0.63%,1366200
12/23/2020,71.42,71.875,71.09,71.13,0.1,+0.14%,4109500
12/22/2020,71.46,71.55,70.93,71.03,-0.44,-0.62%,3327100
12/21/2020,70.58,71.65,70,71.47,-0.74,-1.02%,5049200
12/18/2020,71.96,72.39,71.35,72.21,0.32,+0.45%,5453300
12/17/2020,71.74,71.948,71.47,71.89,0.82,+1.15%,3795700
12/16/2020,71.43,71.53,70.77,71.07,-0.2,-0.28%,4069600
12/15/2020,70.67,71.45,70.49,71.27,1.27,+1.81%,4010800
12/14/2020,71.52,71.63,69.97,70,-0.9,-1.27%,5113200
12/11/2020,70.83,71.23,70.37,70.9,-0.41,-0.57%,3425900
12/10/2020,71.37,71.92,71.07,71.31,-0.44,-0.61%,3578200
12/09/2020,71.99,72.13,71.07,71.75,0.04,+0.06%,6759000
12/08/2020,70.92,71.88,70.89,71.71,0.4,+0.56%,3523300
12/07/2020,71.73,71.9425,71.06,71.31,-0.47,-0.65%,4004300
12/04/2020,70.66,71.7881,70.64,71.78,1.42,+2.02%,5769300
12/03/2020,71.05,71.285,70.2,70.36,-0.49,-0.69%,5735100
12/02/2020,71.55,71.799,70.72,70.85,-0.92,-1.28%,5389700
12/01/2020,72.2,72.33,71.435,71.77,0.78,+1.10%,5237100
11/30/2020,71.61,71.67,70.615,70.99,-0.72,-1.00%,4956800
11/27/2020,71.66,71.975,71.37,71.71,0.37,+0.52%,2297300
11/25/2020,71.96,71.99,71.21,71.34,-0.75,-1.04%,3945200
11/24/2020,70.99,72.3,70.91,72.09,1.75,+2.49%,6137400
11/23/2020,70.31,70.77,70.015,70.34,0.58,+0.83%,4479500
11/20/2020,69.8,70.08,69.45,69.76,-0.06,-0.09%,4429200
11/19/2020,69.35,69.93,68.8,69.82,0.29,+0.42%,3732700
11/18/2020,70.34,70.545,69.5,69.53,-0.58,-0.83%,4621400
11/17/2020,69.93,70.27,69.22,70.11,-0.26,-0.37%,6947100
11/16/2020,70.12,70.455,69.58,70.37,1.36,+1.97%,5482200
11/13/2020,68.35,69.21,68.33,69.01,1.17,+1.72%,5538500
11/12/2020,68.99,69.04,67.4,67.84,-1.46,-2.11%,5526800
11/11/2020,70.4,70.4,68.835,69.3,-1.05,-1.49%,6417900
11/10/2020,69.82,70.51,69.73,70.35,0.82,+1.18%,9825200
11/09/2020,71.26,72.41,69.43,69.53,1.53,+2.25%,16434400
11/06/2020,68.22,68.61,67.72,68,0.17,+0.25%,6075700
11/05/2020,66.67,68.3399,66.62,67.83,2.66,+4.08%,8853800
11/04/2020,65.99,66.41,64.57,65.17,-1.13,-1.70%,11097200
11/03/2020,66.06,66.6436,65.61,66.3,1.02,+1.56%,8892000
11/02/2020,64.13,65.51,63.96,65.28,2.1,+3.32%,7934200
10/30/2020,62.96,63.44,62.18,63.18,-0.04,-0.06%,7339900
10/29/2020,61.76,63.71,61.54,63.22,1.28,+2.07%,7543300
10/28/2020,62.18,62.79,61.7,61.94,-1.8,-2.82%,7712300
10/27/2020,64.37,64.46,63.7,63.74,-0.61,-0.95%,4656600
10/26/2020,65.17,65.18,63.85,64.35,-1.65,-2.50%,7416900
10/23/2020,66.23,66.48,65.667,66,0.24,+0.36%,4116500
10/22/2020,65.37,65.84,64.72,65.76,0.36,+0.55%,3533300
10/21/2020,65.64,66.41,65.4,65.4,-0.25,-0.38%,3900300
10/20/2020,65.89,66.345,65.45,65.65,0.15,+0.23%,4199900
10/19/2020,66.49,66.715,65.3,65.5,-0.77,-1.16%,5413700
10/16/2020,66.2,66.575,66.01,66.27,0.46,+0.70%,10082400
10/15/2020,65.08,65.89,65,65.81,-0.19,-0.29%,4374800
10/14/2020,65.88,66.4292,65.79,66,0.19,+0.29%,4383400
10/13/2020,65.93,66.3,65.56,65.81,-0.59,-0.89%,5170600
10/12/2020,66.89,66.97,66.365,66.4,-0.11,-0.17%,4065600
10/09/2020,66.55,66.8,66.1,66.51,0.51,+0.77%,4774000
10/08/2020,65.84,66.25,65.66,66,0.66,+1.01%,6291500
10/07/2020,64.51,65.51,64.41,65.34,1.64,+2.57%,7138900
10/06/2020,64.83,65.365,63.58,63.7,-0.81,-1.26%,15679400
10/05/2020,63.81,64.94,63.79,64.51,1.21,+1.91%,9320700
10/02/2020,62.03,63.79,61.8402,63.3,0.56,+0.89%,13926600
10/01/2020,63.94,64.24,62.53,62.74,-0.9,-1.41%,14577300
09/30/2020,63.28,64.16,63.14,63.64,0.64,+1.02%,6173600
09/29/2020,63.51,63.71,62.83,63,-0.47,-0.74%,5666600
09/28/2020,63.35,63.99,63.09,63.47,1.01,+1.62%,4285400
09/25/2020,61.33,62.66,61.111,62.46,0.55,+0.89%,4434500
09/24/2020,61.44,62.54,60.93,61.91,0.44,+0.72%,11004800
09/23/2020,63.21,63.27,61.42,61.47,-1.86,-2.94%,7441800
09/22/2020,63.26,63.49,62.81,63.33,0.12,+0.19%,5863600
09/21/2020,64.09,64.15,62.48,63.21,-2.51,-3.82%,8035300
09/18/2020,67.08,67.08,65.65,65.72,-1.15,-1.72%,9455200
09/17/2020,65.68,67.01,65.33,66.87,0.49,+0.74%,11613200
09/16/2020,66.48,67.135,66.19,66.38,0.05,+0.08%,9570600
09/15/2020,66.34,66.77,66.3,66.33,0.32,+0.48%,4305800
09/14/2020,65.61,66.2,65.35,66.01,0.94,+1.44%,5781400
09/11/2020,64.76,65.39,64.46,65.07,0.82,+1.28%,9722300
09/10/2020,65.18,65.42,64.13,64.25,-0.61,-0.94%,7117300
09/09/2020,64.01,65.285,63.97,64.86,1.63,+2.58%,6618200
09/08/2020,63.8,63.85,62.75,63.23,-1.21,-1.88%,8232900
09/04/2020,64.78,65.12,63.47,64.44,0.04,+0.06%,13963100
09/03/2020,66.14,66.14,63.72,64.4,-1.83,-2.76%,14445600
09/02/2020,65.03,66.33,64.61,66.23,1.47,+2.27%,11455700
09/01/2020,62.99,64.83,62.74,64.76,1.77,+2.81%,9232900
08/31/2020,63.86,64.01,62.99,62.99,-0.98,-1.53%,3054800
08/28/2020,63.53,64.03,63.24,63.97,0.75,+1.19%,2422800
08/27/2020,63.61,63.74,63.03,63.22,-0.17,-0.27%,3648800
08/26/2020,62.67,63.5,62.51,63.39,0.66,+1.05%,2381400
08/25/2020,63.2,63.405,62.46,62.73,-0.25,-0.40%,2877400
08/24/2020,62.68,62.99,62.47,62.98,1.09,+1.76%,3531500
08/21/2020,61.78,62,61.55,61.89,-0.36,-0.58%,2756300
08/20/2020,62,62.29,61.83,62.25,-0.22,-0.35%,2331100
08/19/2020,62.89,63.04,62.29,62.47,-0.18,-0.29%,3104600
08/18/2020,63.11,63.23,62.59,62.65,-0.26,-0.41%,2381900
08/17/2020,63.12,63.36,62.65,62.91,0.28,+0.45%,1859900
08/14/2020,62.28,62.88,62.2,62.63,0.07,+0.11%,2590000
08/13/2020,62.27,62.8,62.189,62.56,-0.01,-0.02%,8426100
08/12/2020,62.95,63.02,62.42,62.57,0.37,+0.59%,3964500
08/11/2020,62.85,63.21,62.075,62.2,-0.11,-0.18%,4487700
08/10/2020,61.77,62.31,61.68,62.31,0.6,+0.97%,3339100
08/07/2020,61.18,61.72,60.89,61.71,0.21,+0.34%,3985800
08/06/2020,61.68,61.84,61.2608,61.5,-0.26,-0.42%,6969600
08/05/2020,61.44,62.41,61.27,61.76,0.89,+1.46%,5896900
08/04/2020,59.78,61.01,59.66,60.87,0.85,+1.42%,7917400
08/03/2020,60.67,60.69,60.01,60.02,-0.34,-0.56%,5539100
07/31/2020,60.41,60.51,59.6,60.36,0.06,+0.10%,5270600
07/30/2020,60.57,60.75,59.8,60.3,-1.19,-1.94%,7021100
07/29/2020,61.19,61.67,61.09,61.49,0.5,+0.82%,4111500
07/28/2020,62.17,62.17,60.93,60.99,-1.37,-2.20%,4570100
07/27/2020,61.87,62.59,61.67,62.36,0.89,+1.45%,3640900
07/24/2020,61.46,61.79,61.12,61.47,-0.21,-0.34%,5863400
07/23/2020,61.82,62.285,61.25,61.68,-0.19,-0.31%,4414100
07/22/2020,61.06,61.8882,61.04,61.87,0.71,+1.16%,2949700
07/21/2020,61.01,61.46,61.01,61.16,0.53,+0.87%,3777200
07/20/2020,61.13,61.29,60.53,60.63,-0.53,-0.87%,3593100
07/17/2020,61.08,61.32,60.8579,61.16,0.51,+0.84%,4077800
07/16/2020,60.57,61.11,60.345,60.65,0.2,+0.33%,5564300
07/15/2020,60.49,60.7,60.04,60.45,1,+1.68%,8228600
07/14/2020,57.87,59.53,57.8,59.45,1.46,+2.52%,9434500
07/13/2020,58.59,59.17,57.95,57.99,0,0.00%,9034600
07/10/2020,57.13,58.06,57.09,57.99,0.99,+1.74%,4657200
07/09/2020,57.81,57.89,56.36,57,-0.54,-0.94%,15729300
07/08/2020,58.47,58.78,56.89,57.54,-0.83,-1.42%,9166800
07/07/2020,57.93,58.535,57.89,58.37,0.02,+0.03%,7448800
07/06/2020,58.62,58.68,57.6,58.35,0.82,+1.43%,7864100
07/02/2020,57.26,58,57.14,57.53,1.06,+1.88%,8033100
07/01/2020,56.41,56.66,55.7,56.47,0.12,+0.21%,8146000
06/30/2020,55.36,56.68,55.2,56.35,0.8,+1.44%,3938800
06/29/2020,54.95,55.79,54.82,55.55,1.06,+1.95%,4939000
06/26/2020,55.04,55.14,54.16,54.49,-0.76,-1.38%,8172900
06/25/2020,54.42,55.31,53.93,55.25,0.68,+1.25%,5254600
06/24/2020,55.61,55.67,54.41,54.57,-1.64,-2.92%,5653000
06/23/2020,56.92,56.97,56.19,56.21,0.13,+0.23%,3115900
06/22/2020,55.86,56.31,55.37,56.08,-0.1,-0.18%,3369400
06/19/2020,57.29,57.39,55.78,56.18,-0.17,-0.30%,7418400
06/18/2020,56.1,56.67,56,56.35,0.04,+0.07%,3567600
06/17/2020,57.14,57.2,56.15,56.31,-0.47,-0.83%,4025400
06/16/2020,57.54,57.79,55.91,56.78,1.16,+2.09%,9502400
06/15/2020,53.59,55.95,53.29,55.62,0.58,+1.05%,6885600
06/12/2020,55.86,56.09,54,55.04,1.05,+1.94%,13931800
06/11/2020,56.85,57.02,53.76,53.99,-4.52,-7.73%,29098400
06/10/2020,59.43,59.43,58.27,58.51,-0.67,-1.13%,5192300
06/09/2020,59.22,59.57,58.83,59.18,-0.73,-1.22%,6008900
06/08/2020,60.06,60.245,59.38,59.91,0.08,+0.13%,5256400
06/05/2020,59.87,60.29,59.64,59.83,1.49,+2.55%,5629900
06/04/2020,57.89,58.5,57.8,58.34,0.21,+0.36%,4503600
06/03/2020,57.55,58.55,57.48,58.13,1.29,+2.27%,4724100
06/02/2020,56.01,56.92,55.945,56.84,1.01,+1.81%,4327700
06/01/2020,55.47,56.03,55.39,55.83,0.38,+0.69%,3233400
05/29/2020,55.45,55.64,54.79,55.45,0.01,+0.02%,7386300
05/28/2020,55.7,55.89,54.9,55.44,0.51,+0.93%,5484700
05/27/2020,55,55.29,54.23,54.93,0.55,+1.01%,6991700
05/26/2020,54.13,54.67,53.94,54.38,1.45,+2.74%,4114400
05/22/2020,52.95,53.03,52.52,52.93,-0.08,-0.15%,3732500
05/21/2020,53.36,53.65,52.81,53.01,-0.51,-0.95%,5245600
05/20/2020,53.38,54.1,53.37,53.52,0.84,+1.59%,3799300
05/19/2020,52.99,53.42,52.63,52.68,-0.51,-0.96%,4892900
05/18/2020,52.62,53.61,52.49,53.19,2.32,+4.56%,4425700
05/15/2020,50.11,50.91,49.86,50.87,0.44,+0.87%,4880600
05/14/2020,48.9,50.43,48.315,50.43,0.61,+1.22%,5420900
05/13/2020,50.64,50.85,49.36,49.82,-1.07,-2.10%,5266000
05/12/2020,51.85,52.175,50.89,50.89,-0.79,-1.53%,4200000
05/11/2020,51.61,51.92,51.15,51.68,-0.8,-1.52%,4428500
05/08/2020,51.99,52.55,51.8294,52.48,1.23,+2.40%,3783400
05/07/2020,50.72,51.71,50.65,51.25,1.03,+2.05%,4122900
05/06/2020,51.24,51.63,50.17,50.22,-0.88,-1.72%,3753200
05/05/2020,51.42,51.79,50.99,51.1,0.13,+0.26%,4516900
05/04/2020,50.4,51.04,49.9,50.97,0.18,+0.35%,5070400
05/01/2020,50.98,51.2,50.32,50.79,-1.09,-2.10%,5066900
04/30/2020,52.63,52.63,51.8,51.88,-1.59,-2.97%,5406700
04/29/2020,53.22,53.74,53,53.47,1.33,+2.55%,5876300
04/28/2020,52.03,52.45,51.5,52.14,0.95,+1.86%,6751900
04/27/2020,50.01,51.38,49.94,51.19,1.33,+2.67%,4861000
04/24/2020,49.49,50,48.95,49.86,0.77,+1.57%,4145700
04/23/2020,49.03,50.09,49.03,49.09,0.34,+0.70%,6383500
04/22/2020,48.79,49.12,48.27,48.75,0.94,+1.97%,3832500
04/21/2020,47.77,48.35,47.59,47.81,-1.21,-2.47%,5987600
04/20/2020,49.38,50.18,48.88,49.02,-1.24,-2.47%,4843100
04/17/2020,49.46,50.42,49.4499,50.26,1.94,+4.01%,6304500
04/16/2020,48.69,48.79,47.52,48.32,-0.28,-0.58%,4628000
04/15/2020,49.32,49.37,48.21,48.6,-2.34,-4.59%,5700500
04/14/2020,51.34,51.67,50.42,50.94,0.65,+1.29%,8261900
04/13/2020,51.02,51.16,49.59,50.29,-1.13,-2.20%,15857200
04/09/2020,49.84,51.7,49.79,51.42,2.12,+4.30%,30738300
04/08/2020,47.5,49.52,46.97,49.3,2.3,+4.89%,16463500
04/07/2020,47.47,48.63,46.77,47,1.22,+2.66%,11211300
04/06/2020,44.44,46.12,44.44,45.78,3.17,+7.44%,10466700
04/03/2020,43.36,44.25,42.42,42.61,-1.05,-2.40%,9265800
04/02/2020,42.96,44.73,42.87,43.66,0.65,+1.51%,11784500
04/01/2020,43.39,44.235,42.89,43.01,-2.03,-4.51%,10240400
03/31/2020,45.53,46.17,44.86,45.04,-0.63,-1.38%,8508600
03/30/2020,44.81,45.85,44.44,45.67,1.41,+3.19%,9754100
03/27/2020,44.21,45.21,43.87,44.26,-1.66,-3.61%,14075500
03/26/2020,44.38,46.14,44.29,45.92,2.06,+4.70%,13384000
03/25/2020,42.7,45.63,42.26,43.86,1,+2.33%,13576400
03/24/2020,40.77,43.14,40.43,42.86,4.51,+11.76%,11879200
03/23/2020,40.16,40.44,38.16,38.35,-2.33,-5.73%,18677500
03/20/2020,42.55,42.61,40.015,40.68,-1.51,-3.58%,15248600
03/19/2020,40.43,42.85,39.57,42.19,1.05,+2.55%,8986800
03/18/2020,41.1,42.79,38.415,41.14,-2.81,-6.39%,9875800
03/17/2020,42.03,44.4,40.83,43.95,2.56,+6.19%,11044900
03/16/2020,37.69,43.23,37.69,41.39,-5.12,-11.01%,14427100
03/13/2020,46.27,46.54,43.2,46.51,3.05,+7.02%,12114000
03/12/2020,44.57,46.51,42.37,43.46,-4.63,-9.63%,15365800
03/11/2020,49.05,49.19,47.42,48.09,-2.4,-4.75%,14954700
03/10/2020,50.34,50.56,48.04,50.49,1.97,+4.06%,16718100
03/09/2020,49.68,51.53,48.36,48.52,-5.01,-9.36%,14245000
03/06/2020,53.53,53.98,52.49,53.53,-1.43,-2.60%,18941100
03/05/2020,55.12,55.74,54.62,54.96,-1.8,-3.17%,14177300
03/04/2020,55.46,56.79,54.69,56.76,2.26,+4.15%,14080000
03/03/2020,55.16,56.14,53.77,54.5,-0.48,-0.87%,28390100
03/02/2020,53.22,54.99,52.625,54.98,2.26,+4.29%,16817300
02/28/2020,51.61,52.81,51.15,52.72,-0.58,-1.09%,30742100
02/27/2020,55,55.64,53.3,53.3,-2.62,-4.69%,20697200
02/26/2020,56.41,57.16,55.83,55.92,-0.19,-0.34%,14303500
02/25/2020,58.65,58.7,55.96,56.11,-2.53,-4.31%,20061900
02/24/2020,58.81,59.0775,58.37,58.64,-1.7,-2.82%,9294800
02/21/2020,60.37,60.56,60.2,60.34,-0.28,-0.46%,6520400
02/20/2020,60.3,61.03,60.18,60.62,0.1,+0.17%,5180500
02/19/2020,60.46,60.745,60.46,60.52,0.16,+0.27%,6827300
02/18/2020,60.42,60.57,60.08,60.36,-0.15,-0.25%,4708100
02/14/2020,60.52,60.74,60.345,60.51,0.01,+0.02%,3627400
02/13/2020,60.64,60.88,60.34,60.5,-0.22,-0.36%,4117700
02/12/2020,60.8,60.84,60.52,60.72,0.33,+0.55%,3243400
02/11/2020,60.38,60.94,60.35,60.39,0.33,+0.55%,4058500
02/10/2020,60,60.22,59.87,60.06,-0.03,-0.05%,4525500
02/07/2020,60.58,60.58,59.8825,60.09,-0.87,-1.43%,7833200
02/06/2020,61.29,61.29,60.74,60.96,-0.03,-0.05%,12375800
02/05/2020,60.4,61.1,59.97,60.99,1.11,+1.85%,17150300
02/04/2020,59.56,60.2,59.32,59.88,1.04,+1.77%,13595000
02/03/2020,57.85,59.1,57.8,58.84,1.21,+2.10%,12160800
01/31/2020,58.39,58.43,57.44,57.63,-1.3,-2.21%,11020800
01/30/2020,58.52,59.01,58.14,58.93,-0.37,-0.62%,8699000
01/29/2020,59.31,59.63,59.27,59.3,0.19,+0.32%,3569200
01/28/2020,58.74,59.3,58.612,59.11,0.66,+1.13%,4491100
01/27/2020,58.68,58.87,58.45,58.45,-1.29,-2.16%,6934500
01/24/2020,60.26,60.29,59.49,59.74,-0.43,-0.71%,5246700
01/23/2020,59.76,60.225,59.33,60.17,-0.07,-0.12%,3462600
01/22/2020,60.61,60.655,60.21,60.24,-0.24,-0.40%,2737600
01/21/2020,60.72,60.83,60.39,60.48,-0.66,-1.08%,3807400
01/17/2020,60.94,61.15,60.78,61.14,0.27,+0.44%,5447100
01/16/2020,60.72,60.97,60.52,60.87,0.36,+0.59%,9399900
01/15/2020,60.09,60.7881,60.08,60.51,0.41,+0.68%,3898500
01/14/2020,60.29,60.47,59.97,60.1,-0.25,-0.41%,5505000
01/13/2020,59.63,60.37,59.57,60.35,0.77,+1.29%,4409300
01/10/2020,59.96,60.11,59.48,59.58,-0.24,-0.40%,5637300
01/09/2020,59.79,59.925,59.625,59.82,0.22,+0.37%,3786100
01/08/2020,59.4,59.84,59.2,59.6,0.21,+0.35%,8079600
01/07/2020,59.52,59.8,59.2,59.39,-0.07,-0.12%,20267000
01/06/2020,59.55,59.83,59.41,59.46,-0.26,-0.44%,15764300
01/03/2020,60.08,60.44,59.7,59.72,-0.98,-1.61%,12423400
01/02/2020,61.83,61.94,60.625,60.7,-0.72,-1.17%,7357400
12/31/2019,60.96,61.48,60.87,61.42,0.45,+0.74%,2695000
12/30/2019,61.29,61.3,60.9,60.97,-0.19,-0.31%,3007700
12/27/2019,61.61,61.61,61.13,61.16,-0.23,-0.37%,6802700
12/26/2019,61.25,61.39,61.04,61.39,0.27,+0.44%,2802300
12/24/2019,61.08,61.26,60.98,61.12,0.07,+0.11%,1450600
12/23/2019,60.85,61.1,60.7,61.05,0.17,+0.28%,3144000
12/20/2019,60.61,60.965,60.61,60.88,-0.04,-0.07%,4257400
12/19/2019,60.76,61.01,60.7,60.92,0.21,+0.35%,3095600
12/18/2019,60.85,60.85,60.25,60.71,-0.08,-0.13%,3673600
12/17/2019,60.8,61.06,60.59,60.79,0.09,+0.15%,5025800
12/16/2019,60.99,61.045,60.64,60.7,0.26,+0.43%,8992900
12/13/2019,60.99,61.24,60.42,60.44,-0.47,-0.77%,5083400
12/12/2019,60.14,60.985,60,60.91,0.84,+1.40%,7225300
12/11/2019,59.9,60.13,59.78,60.07,0.45,+0.75%,3492600
12/10/2019,59.88,59.97,59.51,59.62,-0.36,-0.60%,3550300
12/09/2019,60.16,60.31,59.9,59.98,-0.12,-0.20%,3031000
12/06/2019,59.98,60.195,59.83,60.1,0.61,+1.03%,6597100
12/05/2019,59.3,59.53,58.99,59.49,0.3,+0.51%,5204600
12/04/2019,59.45,59.85,59.06,59.19,0.13,+0.22%,5609200
12/03/2019,58.92,59.125,58.62,59.06,-0.38,-0.64%,8661000
12/02/2019,59.94,60.045,59.44,59.44,-0.6,-1.00%,6973200
11/29/2019,60.05,60.23,59.84,60.04,-0.22,-0.37%,3533600
11/27/2019,60.13,60.31,59.81,60.26,0.24,+0.40%,5041400
11/26/2019,59.68,60.085,59.54,60.02,0.3,+0.50%,3936100
11/25/2019,59.53,59.74,59.45,59.72,0.39,+0.66%,3114300
11/22/2019,59.37,59.59,59.26,59.33,0.1,+0.17%,2874600
11/21/2019,59.31,59.4,59.075,59.23,-0.1,-0.17%,3173600
11/20/2019,59.85,59.96,59.26,59.33,-0.75,-1.25%,5612900
11/19/2019,60.47,60.47,59.8829,60.08,-0.13,-0.22%,3631200
11/18/2019,60.11,60.39,60.04,60.21,-0.15,-0.25%,2916500
11/15/2019,60.71,60.805,60.2,60.36,-0.05,-0.08%,3410800
11/14/2019,59.9,60.46,59.87,60.41,0.37,+0.62%,3581100
11/13/2019,60.14,60.36,59.925,60.04,-0.35,-0.58%,5343400
11/12/2019,60.27,60.6,60.08,60.39,0.31,+0.52%,4960300
11/11/2019,59.85,60.15,59.7428,60.08,-0.09,-0.15%,4121300
11/08/2019,59.8,60.18,59.75,60.17,0.24,+0.40%,2880100
11/07/2019,59.86,59.99,59.7,59.93,0.4,+0.67%,4193800
11/06/2019,59.52,59.69,59.31,59.53,-0.04,-0.07%,3994300
11/05/2019,59.45,59.9,59.335,59.57,0.1,+0.17%,3740500
11/04/2019,59.45,59.59,59.155,59.47,0.46,+0.78%,3090300
11/01/2019,58.49,59.01,58.43,59.01,0.82,+1.41%,4666200
10/31/2019,58.78,58.9,57.87,58.19,-0.66,-1.12%,7136600
10/30/2019,58.62,58.935,58.34,58.85,0.05,+0.09%,6347100
10/29/2019,58.18,59.07,58.045,58.8,0.36,+0.62%,4145500
10/28/2019,58.49,58.7363,58.25,58.44,0.18,+0.31%,3404400
10/25/2019,57.64,58.4,57.58,58.26,0.63,+1.09%,4037500
10/24/2019,57.67,57.99,57.32,57.63,0.18,+0.31%,4700600
10/23/2019,57.3,57.7,57.24,57.45,0.36,+0.63%,3998800
10/22/2019,57.29,57.48,56.84,57.09,-0.24,-0.42%,4117200
10/21/2019,57.77,57.95,57.325,57.33,-0.18,-0.31%,2926200
10/18/2019,57.46,57.76,57.28,57.51,-0.1,-0.17%,3082000
10/17/2019,57.74,58.05,57.51,57.61,0.15,+0.26%,3111800
10/16/2019,57.35,57.875,57.31,57.46,0.12,+0.21%,3845500
10/15/2019,57.23,57.62,57.04,57.34,0.4,+0.70%,4915300
10/14/2019,57.15,57.3,56.91,56.94,-0.41,-0.71%,4705000
10/11/2019,56.93,57.88,56.86,57.35,1.09,+1.94%,10309200
10/10/2019,55.93,56.525,55.78,56.26,0.51,+0.91%,6773600
10/09/2019,55.67,55.95,55.36,55.75,0.62,+1.12%,9098000
10/08/2019,55.71,55.75,55.11,55.13,-0.98,-1.75%,7814900
10/07/2019,56.16,56.69,55.94,56.11,-0.2,-0.36%,8630500
10/04/2019,56.05,56.44,56,56.31,0.3,+0.54%,6295200
10/03/2019,55.67,56.02,55.1,56.01,0.2,+0.36%,8266200
10/02/2019,56.3,56.38,55.28,55.81,-1.02,-1.79%,11690800
10/01/2019,58.29,58.49,56.82,56.83,-1.37,-2.35%,7318500
09/30/2019,57.74,58.31,57.73,58.2,0.49,+0.85%,3880200
09/27/2019,57.96,58.21,57.48,57.71,-0.16,-0.28%,6186000
09/26/2019,58.07,58.1,57.61,57.87,-0.13,-0.22%,4039300
09/25/2019,57.7,58.11,57.45,58,0.3,+0.52%,4592800
09/24/2019,58.32,58.45,57.52,57.7,-0.5,-0.86%,9040400
09/23/2019,57.94,58.38,57.9329,58.2,-0.14,-0.24%,3070800
09/20/2019,58.69,58.8,58.08,58.34,-0.43,-0.73%,5196900
09/19/2019,58.81,59.11,58.66,58.77,0.1,+0.17%,3266200
09/18/2019,58.66,58.76,58.14,58.67,0.03,+0.05%,4082300
09/17/2019,58.14,58.76,57.96,58.64,0.47,+0.81%,4085300
09/16/2019,58.96,59.1778,58.11,58.17,-0.97,-1.64%,4733700
09/13/2019,58.87,59.32,58.81,59.14,0.64,+1.09%,5473900
09/12/2019,58.45,58.735,58.06,58.5,0.45,+0.78%,10724100
09/11/2019,57.63,58.08,57.24,58.05,0.55,+0.96%,5408000
09/10/2019,56.89,57.51,56.79,57.5,0.56,+0.98%,4979500
09/09/2019,57.36,57.39,56.83,56.94,-0.3,-0.52%,6851900
09/06/2019,57.13,57.385,56.89,57.24,0.22,+0.39%,3952200
09/05/2019,57.34,57.55,56.97,57.02,0.09,+0.16%,5824000
09/04/2019,56.74,56.97,56.56,56.93,0.69,+1.23%,5942000
09/03/2019,56.25,56.37,55.86,56.24,-0.45,-0.79%,5807800
08/30/2019,56.76,56.98,56.505,56.69,0.38,+0.67%,5071300
08/29/2019,56.29,56.56,56.205,56.31,0.71,+1.28%,4093400
08/28/2019,54.99,55.72,54.83,55.6,0.43,+0.78%,3772400
08/27/2019,55.34,55.675,55.025,55.17,0.04,+0.07%,5594900
08/26/2019,55.4,55.48,54.87,55.13,0.18,+0.33%,7453300
08/23/2019,56.06,56.3,54.68,54.95,-1.36,-2.42%,9090600
08/22/2019,56.8,57.06,56.175,56.31,-0.38,-0.67%,2607400
08/21/2019,56.78,56.91,56.3954,56.69,0.29,+0.51%,3202200
08/20/2019,56.83,56.89,56.36,56.4,-0.67,-1.17%,4739000
08/19/2019,57.12,57.28,56.975,57.07,0.45,+0.79%,3327900
08/16/2019,55.88,56.75,55.81,56.62,0.98,+1.76%,5846700
08/15/2019,55.93,55.94,55.24,55.64,0.02,+0.04%,8918900
08/14/2019,56.6,56.84,55.57,55.62,-1.82,-3.17%,9129300
08/13/2019,56.88,58.15,56.55,57.44,0.61,+1.07%,7074200
08/12/2019,57.65,57.71,56.72,56.83,-0.9,-1.56%,22507500
08/09/2019,57.96,58.05,57.42,57.73,-0.46,-0.79%,4624500
08/08/2019,57.39,58.21,57.39,58.19,1.09,+1.91%,5735100
08/07/2019,55.84,57.18,55.79,57.1,0.78,+1.38%,23269300
08/06/2019,56.49,56.5,55.64,56.32,0.07,+0.12%,11494500
08/05/2019,56.83,57.03,55.86,56.25,-1.08,-1.88%,10291000
08/02/2019,57.7,57.77,56.93,57.33,-0.68,-1.17%,7498000
08/01/2019,58.27,59.16,57.745,58.01,-0.33,-0.57%,9782900
07/31/2019,59.08,59.36,57.81,58.34,-0.91,-1.54%,8102600
07/30/2019,58.42,59.29,58.33,59.25,0.39,+0.66%,4014700
07/29/2019,58.87,58.98,58.67,58.86,-0.2,-0.34%,2891500
07/26/2019,58.84,59.075,58.45,59.06,0.07,+0.12%,7637600
07/25/2019,59.22,59.22,58.38,58.99,-0.43,-0.72%,6135400
07/24/2019,59.28,59.525,59.14,59.42,-0.04,-0.07%,3764900
07/23/2019,58.53,59.46,58.53,59.46,1.2,+2.06%,4201700
07/22/2019,58.54,58.62,58.17,58.26,-0.15,-0.26%,2914300
07/19/2019,58.23,58.71,58.23,58.41,0.13,+0.22%,3811100
07/18/2019,57.83,58.33,57.76,58.28,0.25,+0.43%,3772700
07/17/2019,58.56,58.64,58.02,58.03,-0.52,-0.89%,7167400
07/16/2019,58.45,59.06,58.39,58.55,0.14,+0.24%,4526000
07/15/2019,58.34,58.45,58.15,58.41,0.04,+0.07%,4538300
07/12/2019,57.96,58.39,57.93,58.37,0.57,+0.99%,4405000
07/11/2019,57.5,57.8098,57.27,57.8,0.25,+0.43%,11091400
07/10/2019,58.01,58.14,57.48,57.55,-0.12,-0.21%,7314000
07/09/2019,58.03,58.11,57.535,57.67,-0.57,-0.98%,5194100
07/08/2019,58.68,58.81,58.14,58.24,-0.68,-1.15%,9791800
07/05/2019,58.62,58.92,58.34,58.92,-0.27,-0.46%,3810000
07/03/2019,58.85,59.19,58.74,59.19,0.3,+0.51%,2475700
07/02/2019,58.95,58.95,58.51,58.89,-0.06,-0.10%,6320000
07/01/2019,58.93,58.96,58.46,58.95,0.45,+0.77%,5975900
06/28/2019,58.1,58.58,58.04,58.5,0.49,+0.84%,5008500
06/27/2019,57.91,58.11,57.87,58.01,0.19,+0.33%,3438900
06/26/2019,57.89,58.07,57.74,57.82,-0.1,-0.17%,4184700
06/25/2019,57.96,58.145,57.73,57.92,0.03,+0.05%,5715900
06/24/2019,57.69,58.01,57.44,57.89,0.22,+0.38%,4601800
06/21/2019,57.82,57.92,57.61,57.67,-0.53,-0.91%,5826000
06/20/2019,58.2,58.36,57.7,58.2,0.73,+1.27%,6743700
06/19/2019,57.79,57.81,57.17,57.47,-0.32,-0.55%,7166400
06/18/2019,57.65,58.19,57.585,57.79,0.45,+0.78%,6887800
06/17/2019,57.78,57.815,57.26,57.34,-0.53,-0.92%,7507000
06/14/2019,58,58.06,57.67,57.87,-0.25,-0.43%,3937700
06/13/2019,57.99,58.1901,57.92,58.12,0.34,+0.59%,7392100
06/12/2019,57.62,57.86,57.545,57.78,0.19,+0.33%,3550400
06/11/2019,57.93,58.15,57.49,57.59,-0.04,-0.07%,7868600
06/10/2019,57.89,57.97,57.58,57.63,0.1,+0.17%,14362600
06/07/2019,57.39,57.74,57.27,57.53,0.51,+0.89%,23211100
06/06/2019,56.63,57.21,56.43,57.02,0.67,+1.19%,19911700
06/05/2019,55.94,56.48,55.51,56.35,0.41,+0.73%,19704200
06/04/2019,55,56.05,54.68,55.94,1.53,+2.81%,17778200
06/03/2019,52.9,54.43,52.75,54.41,1.66,+3.15%,13155400
05/31/2019,52.72,52.975,52.52,52.75,-0.6,-1.12%,5991700
05/30/2019,53.28,53.59,53.205,53.35,0.09,+0.17%,4475000
05/29/2019,52.84,53.33,52.7,53.26,0.01,+0.02%,8241300
05/28/2019,53.78,53.95,53.21,53.25,-0.54,-1.00%,4358400
05/24/2019,54.03,54.19,53.5,53.79,0.3,+0.56%,3669100
05/23/2019,53.74,53.92,53.24,53.49,-0.83,-1.53%,4341500
05/22/2019,54.6,54.8,54.315,54.32,-0.38,-0.69%,5308400
05/21/2019,54.26,54.78,54.18,54.7,0.83,+1.54%,4371700
05/20/2019,54.16,54.38,53.78,53.87,-0.78,-1.43%,5016500
05/17/2019,54.56,55.035,54.41,54.65,-0.33,-0.60%,6083300
05/16/2019,54.63,55.16,54.63,54.98,0.76,+1.40%,4905300
05/15/2019,54,54.61,53.77,54.22,-0.14,-0.26%,5262100
05/14/2019,54.09,54.7698,53.95,54.36,0.46,+0.85%,6101800
05/13/2019,54.12,55.1029,53.49,53.9,-1.24,-2.25%,7048700
05/10/2019,54.3,55.34,54.07,55.14,0.74,+1.36%,6472800
05/09/2019,54.21,54.61,53.7799,54.4,-0.43,-0.78%,6714300
05/08/2019,54.84,55.09,54.6,54.83,-0.05,-0.09%,6159600
05/07/2019,55.33,55.43,54.59,54.88,-0.98,-1.75%,9750900
05/06/2019,55.32,56.08,55.32,55.86,-0.81,-1.43%,15601000
05/03/2019,56.23,56.7,56.18,56.67,0.55,+0.98%,6033300
05/02/2019,56.14,56.44,55.725,56.12,-0.29,-0.51%,10973300
05/01/2019,57.53,57.53,56.4,56.41,-1.04,-1.81%,6550900
04/30/2019,57.11,57.52,56.82,57.45,0.49,+0.86%,3399200
04/29/2019,56.92,57.12,56.75,56.96,-0.11,-0.19%,6056500
04/26/2019,56.6,57.22,56.49,57.07,0.47,+0.83%,4950000
04/25/2019,57.07,57.145,56.42,56.6,-0.73,-1.27%,5180000
04/24/2019,57.63,57.81,57.33,57.33,-0.36,-0.62%,3808200
04/23/2019,57.34,57.87,57.2,57.69,0.26,+0.45%,7645100
04/22/2019,57.6,57.79,57.35,57.43,-0.39,-0.67%,5988000
04/18/2019,57.8,57.97,57.52,57.82,0.07,+0.12%,3634400
04/17/2019,58.23,58.5,57.73,57.75,-0.36,-0.62%,3370200
04/16/2019,57.79,58.12,57.52,58.11,0.26,+0.45%,3737400
04/15/2019,58.12,58.155,57.75,57.85,-0.27,-0.46%,2705000
04/12/2019,57.83,58.12,57.65,58.12,0.76,+1.32%,3608600
04/11/2019,57.37,57.57,57.2,57.36,-0.03,-0.05%,3494500
04/10/2019,57.47,57.58,57.17,57.39,-0.03,-0.05%,3797300
04/09/2019,57.6,57.68,57.25,57.42,-0.42,-0.73%,6110700
04/08/2019,57.78,57.895,57.54,57.84,0.02,+0.03%,6574700
04/05/2019,57.85,58.05,57.65,57.82,-0.02,-0.03%,3668600
04/04/2019,57.3,57.86,57.27,57.84,0.58,+1.01%,6102800
04/03/2019,56.98,57.62,56.81,57.26,0.74,+1.31%,17364400
04/02/2019,56.47,56.76,56.24,56.52,0.19,+0.34%,7112300
04/01/2019,55.89,56.41,55.815,56.33,0.83,+1.50%,6454300
03/29/2019,55.08,55.52,54.83,55.5,0.48,+0.87%,6327300
03/28/2019,54.57,55.045,54.55,55.02,0.53,+0.97%,4870900
03/27/2019,54.42,54.685,54.1,54.49,-0.07,-0.13%,9782500
03/26/2019,54.59,54.73,54.17,54.56,0.33,+0.61%,5899700
03/25/2019,54.3,54.72,54.14,54.23,-0.1,-0.18%,6562700
03/22/2019,55.51,55.52,54.23,54.33,-1.67,-2.98%,9123700
03/21/2019,55.22,56.205,55.16,56,0.59,+1.06%,7959600
03/20/2019,55.43,55.7,54.88,55.41,-0.05,-0.09%,11234900
03/19/2019,55.8,56.15,55.21,55.46,-0.07,-0.13%,5271200
03/18/2019,55.44,55.61,55.11,55.53,0.13,+0.23%,4345400
03/15/2019,55.56,55.83,55.19,55.4,-0.17,-0.31%,7259000
03/14/2019,55.83,55.95,55.44,55.57,-0.42,-0.75%,5039700
03/13/2019,56.03,56.34,55.875,55.99,0.27,+0.48%,5518300
03/12/2019,55.59,56.04,55.59,55.72,0.21,+0.38%,7216100
03/11/2019,54.96,55.53,54.88,55.51,0.78,+1.43%,6857700
03/08/2019,54.35,54.77,54.06,54.73,0.09,+0.16%,7144500
03/07/2019,54.97,54.98,54.23,54.64,-0.45,-0.82%,11961800
03/06/2019,55.13,55.48,55.01,55.09,0.12,+0.22%,4615500
03/05/2019,55.11,55.25,54.91,54.97,-0.26,-0.47%,5231700
03/04/2019,55.1,55.455,54.39,55.23,0.25,+0.45%,7960300
03/01/2019,55.45,55.74,54.79,54.98,-0.07,-0.13%,9841500
02/28/2019,55.67,55.72,54.93,55.05,-0.68,-1.22%,8762500
02/27/2019,55.7,55.9,55.37,55.73,-0.09,-0.16%,4631100
02/26/2019,56.01,56.18,55.8,55.82,-0.32,-0.57%,6192200
02/25/2019,56.01,56.295,55.89,56.14,0.36,+0.65%,6187900
02/22/2019,55.82,55.95,55.58,55.78,0.24,+0.43%,4790700
02/21/2019,55.83,55.96,55.31,55.54,-0.22,-0.39%,8551800
02/20/2019,54.92,56.1,54.84,55.76,0.94,+1.71%,11309200
02/19/2019,54.28,55.08,54.23,54.82,0.34,+0.62%,12264400
02/15/2019,54.34,54.62,54.08,54.48,0.73,+1.36%,7647100
02/14/2019,53.78,54.14,53.6,53.75,-0.28,-0.52%,4884900
02/13/2019,54.26,54.42,54.01,54.03,0.07,+0.13%,7347100
02/12/2019,53.27,54.03,53.12,53.96,1.18,+2.24%,10069800
02/11/2019,52.89,52.96,52.53,52.78,0.08,+0.15%,4158300
02/08/2019,52.46,52.71,52.03,52.7,-0.05,-0.09%,4521300
02/07/2019,53.15,53.25,52.315,52.75,-0.74,-1.38%,6367900
02/06/2019,53.55,53.76,53.39,53.49,-0.32,-0.59%,4955000
02/05/2019,53.54,53.94,53.51,53.81,0.39,+0.73%,4428800
02/04/2019,53.41,53.47,53.06,53.42,-0.09,-0.17%,3557800
02/01/2019,53.32,53.635,53.08,53.51,0.16,+0.30%,5539400
01/31/2019,53,53.58,52.43,53.35,-0.81,-1.50%,12475200
01/30/2019,53.81,54.59,53.59,54.16,0.57,+1.06%,7073200
01/29/2019,53.17,53.74,53.17,53.59,0.55,+1.04%,8222900
01/28/2019,52.74,53.08,52.58,53.04,-0.08,-0.15%,5971900
01/25/2019,52.93,53.41,52.71,53.12,0.99,+1.90%,4916900
01/24/2019,52.12,52.45,51.9,52.13,-0.28,-0.53%,5249600
01/23/2019,52.85,52.99,51.91,52.41,-0.36,-0.68%,5704900
01/22/2019,53.26,53.35,52.46,52.77,-0.74,-1.38%,7433400
01/18/2019,53.08,53.76,52.93,53.51,0.87,+1.65%,8757400
01/17/2019,51.45,52.76,51.45,52.64,0.91,+1.76%,10205500
01/16/2019,51.54,52,51.46,51.73,0.2,+0.39%,13718600
01/15/2019,51.54,51.86,51.21,51.53,-0.34,-0.66%,7547100
01/14/2019,51.81,52.15,51.55,51.87,-0.4,-0.77%,11503200
01/11/2019,52.21,52.4,51.93,52.27,-0.21,-0.40%,6186200
01/10/2019,51.65,52.51,51.6,52.48,0.46,+0.88%,8471300
01/09/2019,52.13,52.22,51.53,52.02,0.02,+0.04%,8125100
01/08/2019,51.71,52.08,51.42,52,0.54,+1.05%,10328600
01/07/2019,51.3,52.065,50.96,51.46,0.18,+0.35%,7468300
01/04/2019,50.14,51.48,50.06,51.28,1.94,+3.93%,8950600
01/03/2019,50.51,50.51,49.24,49.34,-1.44,-2.84%,9833900
01/02/2019,49.78,50.97,49.5,50.78,0.26,+0.51%,9096300
"Downloaded from Barchart.com as of 01-01-2024 09:20am CST"
